Name,Placing,Tournaments,Player-Organization,Player-Tag,Player-Twitter/Mastodon,Player-Characters
ADPB (ALL) 1st,1st,ADPB - ALL - (PC-Fightcade),,CodyYuki,@CodyYuki_,Yomi
ADPB (ALL) 2nd,2nd,ADPB - ALL - (PC-Fightcade),,Ratttz,@RatttzMessd,Yomi and Sakaki
ADPB (ALL) 3rd,3rd,ADPB - ALL - (PC-Fightcade),,guruslum,@guruslum,Kagura
ADPB (ALL) 4th,4th,ADPB - ALL - (PC-Fightcade),,Another Noob,,Yomi
AoS2 (SA/BR) 1st,1st,AoS2 - SA/BR - (PC-Steam),,Nolan Phoenix,@Nolan__Phoenix,Alte
AoS2 (SA/BR) 2nd,2nd,AoS2 - SA/BR - (PC-Steam),,Mandaloriano,@mandaloriano_95,Sora
AoS2 (SA/BR) 3rd,3rd,AoS2 - SA/BR - (PC-Steam),,Pudding Squeaks,@PuddingSqueaks,Hime
AoS2 (SA/BR) 4th,4th,AoS2 - SA/BR - (PC-Steam),,Another Noob,@AnotherNuub,Sora
AoS2 (SA/BR) 5th-1,5th-1,AoS2 - SA/BR - (PC-Steam),,Trisector,,
AoS2 (SA/BR) 5th-2,5th-2,AoS2 - SA/BR - (PC-Steam),,Ronhem,,
ARMS (EU) 1st,1st,ARMS - EU - (Switch),,Ripha,@Ripha_,"Ninjara, Misango"
ARMS (EU) 2nd,2nd,ARMS - EU - (Switch),,Raziel,@RazielWasTaken,"Twintelle, Kid Cobra"
ARMS (EU) 3rd,3rd,ARMS - EU - (Switch),,Iceman92,@Iceman92,"Min Min, Ribbon Girl"
ARMS (EU) 4th,4th,ARMS - EU - (Switch),,Yam,,"Min Min, Ribbon Girl"
ARMS (EU) 5th-1,5th-1,ARMS - EU - (Switch),,Mr. Adal,,"Dr. Coyle, Kid Cobra"
ARMS (EU) 5th-2,5th-2,ARMS - EU - (Switch),,Grimwood96,@Grimwood96,Max Brass
ARMS (EU) 7th-1,7th-1,ARMS - EU - (Switch),,YoshiBowser,,Byte & Barq
ARMS (EU) 7th-2,7th-2,ARMS - EU - (Switch),,Iloria,@Iloria_,Min Min
BBCF (EU) 1st,1st,BBCF - EU - (PC-Steam),,Star,@Star_Izanami,Izanami
BBCF (EU) 2nd,2nd,BBCF - EU - (PC-Steam),BBEUO,Sir Panda,@SirPandaaa,Relius
BBCF (EU) 3rd,3rd,BBCF - EU - (PC-Steam),,Asugi,@D4_Asugi,Naoto
BBCF (EU) 4th,4th,BBCF - EU - (PC-Steam),,Hoon,,Mai
BBCF (EU) 5th-1,5th-1,BBCF - EU - (PC-Steam),,Cloude849,,Hakumen
BBCF (EU) 5th-2,5th-2,BBCF - EU - (PC-Steam),,Gori,@whosGori,Izanami
BBCF (EU) 7th-1,7th-1,BBCF - EU - (PC-Steam),MAVIK,SifTheAbyss,,Lambda-11
BBCF (EU) 7th-2,7th-2,BBCF - EU - (PC-Steam),GGVN,All Guns Blazin',@AllGunBlazin,Azrael 
DNFD (OCE) 1st,1st,DNFD - OCE - (PC-Steam),,BedlessSleeper,,Crusader
DNFD (OCE) 2nd,2nd,DNFD - OCE - (PC-Steam),,Runis,,Vanguard
DNFD (OCE) 3rd,3rd,DNFD - OCE - (PC-Steam),,Larciel,,Grappler
DNFD (OCE) 4th,4th,DNFD - OCE - (PC-Steam),,Imp,,
DNFD (OCE) 5th-1,5th-1,DNFD - OCE - (PC-Steam),,Za_Pyr0,@Za_Pyr0,
DNFD (OCE) 5th-2,5th-2,DNFD - OCE - (PC-Steam),,Corrinth,,
DNFD (OCE) 7th-1,7th-1,DNFD - OCE - (PC-Steam),,Gogngos,@Gogngosweep,
DNFD (OCE) 7th-2,7th-2,DNFD - OCE - (PC-Steam),,Shiitaké,,
EFZ (SA/SUD) 1st,1st,EFZ - SA/SUD - (PC-Caster),,Juaking,@LotteBestWitch,Akane
EFZ (SA/SUD) 2nd,2nd,EFZ - SA/SUD - (PC-Caster),,joelinhus,@__joelinhus,Nayuki Minase (Awake)
EFZ (SA/SUD) 3rd,3rd,EFZ - SA/SUD - (PC-Caster),,Aslet,@Aslet6,Ikumi
EFZ (SA/SUD) 4th,4th,EFZ - SA/SUD - (PC-Caster),VFC,PyroNacho,@Pyronacho__,Mai
EFZ (SA/SUD) 5th-1,5th-1,EFZ - SA/SUD - (PC-Caster),,Canceris,@CancerisR,Makoto
EFZ (SA/SUD) 5th-2,5th-2,EFZ - SA/SUD - (PC-Caster),VFC,Yaguro,,Nayuki Minase (Asleep)
EFZ (SA/SUD) 7th-1,7th-1,EFZ - SA/SUD - (PC-Caster),,Bandana Blue,@bandanablueee,Sayuri
EFZ (SA/SUD) 7th-2,7th-2,EFZ - SA/SUD - (PC-Caster),,Paid XXVII,,Shiori
GBVS (EU) 1st,1st,GBVS - EU - (PC-Steam),WIZ,Dragoi,@FGC_Dragoi,Belial
GBVS (EU) 2nd,2nd,GBVS - EU - (PC-Steam),,Sonicsan,@sonic_san,Gran
GBVS (EU) 3rd,3rd,GBVS - EU - (PC-Steam),,MrPOW,@Mr_P0W,Metera
GBVS (EU) 4th,4th,GBVS - EU - (PC-Steam),,mirri,@meowpurrmao,Eustace
GBVS (EU) 5th-1,5th-1,GBVS - EU - (PC-Steam),PRM,Socky,@SockyRF,Charlotta
GBVS (EU) 5th-2,5th-2,GBVS - EU - (PC-Steam),,dudeakoff,@dudeakoff,Metera
GBVS (EU) 7th-1,7th-1,GBVS - EU - (PC-Steam),PRM,Light,@TheeLightYagami,Vira
GBVS (EU) 7th-2,7th-2,GBVS - EU - (PC-Steam),,Fusilero,@Fusilero1,Zeta
GBVS (NA/EC) 1st,1st,GBVS - NA/EC - (PC-Steam),GMBB,Kuro,@GuruminStan,"Bellial, Cagliostro"
GBVS (NA/EC) 2nd,2nd,GBVS - NA/EC - (PC-Steam),,SenpaiSpyder,@SenpaiSpyder,Metera
GBVS (NA/EC) 3rd,3rd,GBVS - NA/EC - (PC-Steam),,MadBestKiller,@MBKCoach,Bellial
GBVS (NA/EC) 4th,4th,GBVS - NA/EC - (PC-Steam),,Umbi,@UmbiTheUmbreon,Katalina
GBVS (NA/EC) 5th-1,5th-1,GBVS - NA/EC - (PC-Steam),,Callisto,@BGCallisto,Katalina
GBVS (NA/EC) 5th-2,5th-2,GBVS - NA/EC - (PC-Steam),GSS,Professor Nekotech,@ProfNekoTech,Metera
GBVS (NA/EC) 7th-1,7th-1,GBVS - NA/EC - (PC-Steam),YC,Seth,,Seox
GBVS (NA/EC) 7th-2,7th-2,GBVS - NA/EC - (PC-Steam),,Fuselit,,Vasaraga
GBVS (NA/WC) 1st,1st,GBVS - NA/WC - (PC-Steam),Yuisis,Shuaboo,@shuaboo,Seox
GBVS (NA/WC) 2nd,2nd,GBVS - NA/WC - (PC-Steam),,Skip,@skip0910,Soriz
GBVS (NA/WC) 3rd,3rd,GBVS - NA/WC - (PC-Steam),,GardeninTool,@Gardenin_Tool,Vira
GBVS (NA/WC) 4th,4th,GBVS - NA/WC - (PC-Steam),,Kilo,@Faptoanimegirls,Zooey
GBVS (NA/WC) 5th-1,5th-1,GBVS - NA/WC - (PC-Steam),PT,Ruric,@Rur1c,Belial
GBVS (NA/WC) 5th-2,5th-2,GBVS - NA/WC - (PC-Steam),,skywardgemstone,@skyward_gemstone,Djeeta
GBVS (NA/WC) 7th-1,7th-1,GBVS - NA/WC - (PC-Steam),,Senpapi512,@Senpapi512,Katalina
GBVS (NA/WC) 7th-2,7th-2,GBVS - NA/WC - (PC-Steam),,Leon Ultra,@MaximumLeon,Vira
GBVS (SA/SUD) 1st,1st,GBVS - SA/SUD - (PC-Steam),,Raz,@RazFGC,Ferry
GBVS (SA/SUD) 2nd,2nd,GBVS - SA/SUD - (PC-Steam),KYU,XIVMantecol,@reymantecol,Ferry
GBVS (SA/SUD) 3rd,3rd,GBVS - SA/SUD - (PC-Steam),,Mikon,@Mikonkon_,Lancelot
GBVS (SA/SUD) 4th,4th,GBVS - SA/SUD - (PC-Steam),G9,Piñeiro,@Pinneiro95,Vaseraga
GBVS (SA/SUD) 5th-1,5th-1,GBVS - SA/SUD - (PC-Steam),G9,GBX,@DOTORGBX,Zoeey
GBVS (SA/SUD) 5th-2,5th-2,GBVS - SA/SUD - (PC-Steam),KYU,Cr1cho,@Cr1cho,Lowain
GBVS (SA/SUD) 7th-1,7th-1,GBVS - SA/SUD - (PC-Steam),WG,Whisp,@Whisp90,Soriz
GBVS (SA/SUD) 7th-2,7th-2,GBVS - SA/SUD - (PC-Steam),G9,Haise,@Haaaaaaise,Lowain
GBVS PS4 (SA/BR) 1st,1st,GBVS - SA/BR - (PS4),,AmmySensei,@AkatsukiSensei,Vaseraga
GBVS PS4 (SA/BR) 2nd,2nd,GBVS - SA/BR - (PS4),ARC,Aoi,@HenriqueRod21,Zooey
GBVS PS4 (SA/BR) 3rd,3rd,GBVS - SA/BR - (PS4),,GoldenBoy,@Golden_boy_fgc,Gran
GBVS PS4 (SA/BR) 4th,4th,GBVS - SA/BR - (PS4),EC,Shiiras,@Shiiras,Charlotta
GBVS PS4 (SA/BR) 5th-1,5th-1,GBVS - SA/BR - (PS4),SOA,ZuZa,@SOA_ZuZa,Zeta
GBVS PS4 (SA/BR) 5th-2,5th-2,GBVS - SA/BR - (PS4),EC,Marimo,@Jorge_Wlkr,Ferry
GBVS PS4 (SA/BR) 7th-1,7th-1,GBVS - SA/BR - (PS4),EC,Soul,@Soulshoryuken,Seox
GBVS PS4 (SA/BR) 7th-2,7th-2,GBVS - SA/BR - (PS4),,Strife,@mlStrife  ,Vira
GGACPR (EU) 1st,1st,GGACPR - EU - (PC-Steam),,OppositeofDecay,@OppositeofDecay,Justice
GGACPR (EU) 2nd,2nd,GGACPR - EU - (PC-Steam),,Luemi,,Zappa
GGACPR (EU) 3rd,3rd,GGACPR - EU - (PC-Steam),,Dont,,A.B.A
GGACPR (EU) 4th,4th,GGACPR - EU - (PC-Steam),,Gekow,@Gekow_Lizard,Sol Badguy
GGACPR (EU) 5th-1,5th-1,GGACPR - EU - (PC-Steam),BB44,Pophip,,Anji Mito
GGACPR (EU) 5th-2,5th-2,GGACPR - EU - (PC-Steam),,Gearuz,,Chipp Zanuff
GGACPR (EU) 7th-1,7th-1,GGACPR - EU - (PC-Steam),WT,mreath11,@mreath11,Chipp Zanuff
GGACPR (EU) 7th-2,7th-2,GGACPR - EU - (PC-Steam),GGL,vi5or,@VisioN_NiL,Testament
GGACPR (NA) 1st,1st,GGACPR - NA - (PC-Steam),,JasonRiot,@JRiotX,Sol
GGACPR (NA) 2nd,2nd,GGACPR - NA - (PC-Steam),,Jacobpat84,@jacobpat84,Testament
GGACPR (NA) 3rd,3rd,GGACPR - NA - (PC-Steam),,Orrax / Luke,@orraxgg,Sol
GGACPR (NA) 4th,4th,GGACPR - NA - (PC-Steam),,Evelyn,@wimblefgc,Dizzy
GGACPR (NA) 5th-1,5th-1,GGACPR - NA - (PC-Steam),,JoeBiden,@POTUS,Chipp
GGACPR (NA) 5th-2,5th-2,GGACPR - NA - (PC-Steam),,dukjohn,,Kliff
GGACPR (NA) 7th-1,7th-1,GGACPR - NA - (PC-Steam),,Krakhan,@Krakhan,Faust
GGACPR (NA) 7th-2,7th-2,GGACPR - NA - (PC-Steam),,Ari,@JackPot_TSMD,Anji
GGACPR (SA/SUD) 1st,1st,GGACPR - SA/SUD - (PC-Steam),,Zion,@IXionI,Millia
GGACPR (SA/SUD) 2nd,2nd,GGACPR - SA/SUD - (PC-Steam),,st0nks,@stonks64,Jam
GGACPR (SA/SUD) 3rd,3rd,GGACPR - SA/SUD - (PC-Steam),,Empresario,,Sol Badguy
GGACPR (SA/SUD) 4th,4th,GGACPR - SA/SUD - (PC-Steam),,El_Kuzu,,Slayer
GGACPR (SA/SUD) 5th-1,5th-1,GGACPR - SA/SUD - (PC-Steam),,Mara,@Mad_Mara_,Millia
GGACPR (SA/SUD) 5th-2,5th-2,GGACPR - SA/SUD - (PC-Steam),,DamnedNoob,@damnednoob111,Holy Order Sol
GGACPR (SA/SUD) 7th-1,7th-1,GGACPR - SA/SUD - (PC-Steam),GM,MasterDrawa,,Johnny
GGACPR (SA/SUD) 7th-2,7th-2,GGACPR - SA/SUD - (PC-Steam),TEW,Blackbas,@Blackbas6,Faust
GGACPR (SEA) 1st,1st,GGACPR - SEA - (PC-Steam),,Amphyxvena,,Dizzy
GGACPR (SEA) 2nd,2nd,GGACPR - SEA - (PC-Steam),,0re0z,@5han3G0rez,A.B.A
GGACPR (SEA) 3rd,3rd,GGACPR - SEA - (PC-Steam),ADSEA ,VGD,,Kliff
GGACPR (SEA) 4th,4th,GGACPR - SEA - (PC-Steam),,Little Skyfarer,,Testament
GGACPR (SEA) 5th-1,5th-1,GGACPR - SEA - (PC-Steam),,Flick,@FlickaDVN,Potemkin
GGACPR (SEA) 7th-1,7th-1,GGACPR - SEA - (PC-Steam),,crossmirage,@kineticharvest,Kliff
GGST (JP) 1st,1st,GGST - JP - (PC-Steam),,アイス,,I-no
GGST (JP) 2nd,2nd,GGST - JP - (PC-Steam),,うがしょ,,"Happy Chaos, May"
GGST (JP) 3rd,3rd,GGST - JP - (PC-Steam),,緑茶,,"Ky, I-no, Sin"
GGST (JP) 4th,4th,GGST - JP - (PC-Steam),,かぷえぬ,,May
GGST (JP) 5th-1,5th-1,GGST - JP - (PC-Steam),,んまは@山形県eスポーツ連合,,
GGST (SA/BR) 1st,1st,GGST - SA/BR - (PC-Steam),,Juzy,@JuzyNflames,Leo Whitefang
GGST (SA/BR) 2nd,2nd,GGST - SA/BR - (PC-Steam),UA,Rang13,@31gnar,Goldlewis
GGST (SA/BR) 3rd,3rd,GGST - SA/BR - (PC-Steam),,Alma Negra,@AlmaNegra101,Happy Chaos
GGST (SA/BR) 4th,4th,GGST - SA/BR - (PC-Steam),,Tms,@ThiagodaCunhaM4,Ramlethal
GGST (SA/BR) 5th-1,5th-1,GGST - SA/BR - (PC-Steam),,Sorixx,@Sorixx_,Anji
GGST (SA/BR) 5th-2,5th-2,GGST - SA/BR - (PC-Steam),,Sudano,@SudanoJogos,Baiken
GGST (SA/BR) 7th-1,7th-1,GGST - SA/BR - (PC-Steam),,Eon,@ericpqmor,Giovanna
GGST (SA/BR) 7th-2,7th-2,GGST - SA/BR - (PC-Steam),,JGee,@jgeeHK,Ky
GGXRD (SA/SUD) 1st,1st,GGXRD - SA/SUD - (PC-Steam),,Zion_20,@IXionI,Ramlethal
GGXRD (SA/SUD) 2nd,2nd,GGXRD - SA/SUD - (PC-Steam),TEW,Matriaxx85,@Matriaxx85,Faust
GGXRD (SA/SUD) 3rd,3rd,GGXRD - SA/SUD - (PC-Steam),,Mint,@El__Mint,Leo Whitefang
GGXRD (SA/SUD) 4th,4th,GGXRD - SA/SUD - (PC-Steam),S.A.P.E.,Vengakong,@Mamut666999,Potemkin
GGXRD (SA/SUD) 5th-1,5th-1,GGXRD - SA/SUD - (PC-Steam),G9,Piñeiro,@Pinneiro95,Axl
GGXRD (SA/SUD) 5th-2,5th-2,GGXRD - SA/SUD - (PC-Steam),MCT,Bluewolf,,Sol Badguy
GGXRD (SA/SUD) 7th-1,7th-1,GGXRD - SA/SUD - (PC-Steam),GGA,Order Kyo,@Order_Kyo,Johnny
GGXRD (SA/SUD) 7th-2,7th-2,GGXRD - SA/SUD - (PC-Steam),,Kiwi,@kiwiyz1,Elphelt
JCFF (ALL) 1st,1st,JCFF - ALL - (PC-Fightcade),,Spabobin,@TsuguSpabobin,"Black Sam, Drunken Master Jackie Chan"
JCFF (ALL) 2nd,2nd,JCFF - ALL - (PC-Fightcade),FSM,RCF,,M. Lion
JCFF (ALL) 3rd,3rd,JCFF - ALL - (PC-Fightcade),,Sinistar,@realSinistar,Lau
JCFF (ALL) 4th,4th,JCFF - ALL - (PC-Fightcade),,MooMaster,@MooMasterFHD,Kim-Maree
JCFF (ALL) 5th-1,5th-1,JCFF - ALL - (PC-Fightcade),UA,Lemon,@ST_LemonHunter,Lau
JCFF (ALL) 5th-2,5th-2,JCFF - ALL - (PC-Fightcade),,Sudano,@SudanoJogos,Drunken Master Jackie Chan
JCFF (ALL) 7th-1,7th-1,JCFF - ALL - (PC-Fightcade),,theadictt,,Lau
JCFF (ALL) 7th-2,7th-2,JCFF - ALL - (PC-Fightcade),,GriffyBones (subbed in for Funkdoc) ,@GriffyBones,Lau
JJBAASBR (NA) 1st,1st,JJBAASBR - NA - (PC-Parsec),SJRC,J_Underscore,@liquidsnxke,Diavolo
JJBAASBR (NA) 2nd,2nd,JJBAASBR - NA - (PC-Parsec),14K,Son_Dula,@Son_Dula,Risotto Nero
JJBAASBR (NA) 3rd,3rd,JJBAASBR - NA - (PC-Parsec),SJRC,Bonbei,@Bonbei_XRD,"Gyro, Giorno"
JJBAASBR (NA) 4th,4th,JJBAASBR - NA - (PC-Parsec),,Wendy Williams,@Vanta_No,"Mariah, Mista"
JJBAASBR (NA) 5th-1,5th-1,JJBAASBR - NA - (PC-Parsec),,Makoto Hikawa,@MakotoHikawa,Joseph Joestar
JJBAASBR (NA) 5th-2,5th-2,JJBAASBR - NA - (PC-Parsec),SJRC,CyanideExpress,@Cyanide_Express,Jolyne
JJBAASBR (NA) 7th-1,7th-1,JJBAASBR - NA - (PC-Parsec),,_Orb_,@IroncaseStudio,Koichi
JJBAASBR (NA) 7th-2,7th-2,JJBAASBR - NA - (PC-Parsec),,Terralize,@Terralize,"Jonny, DIO"
LLB (ALL) 1st,1st,LLB - ALL - (PC-Steam),,B3B3,,Raptor/Jet
LLB (ALL) 2nd,2nd,LLB - ALL - (PC-Steam),,Based Registeel,,Raptor
LLB (ALL) 3rd,3rd,LLB - ALL - (PC-Steam),,Arcadia,,Dice/Candyman
LLB (ALL) 4th,4th,LLB - ALL - (PC-Steam),,Cactos,,Sonata
LLB (ALL) 5th-1,5th-1,LLB - ALL - (PC-Steam),,CookingTiger,,Doombox
LLB (ALL) 5th-2,5th-2,LLB - ALL - (PC-Steam),,Gander,,Switch/Dust and Ashes
LLB (ALL) 7th-1,7th-1,LLB - ALL - (PC-Steam),,Just_Gas,@JustGas4,Raptor/Switch
LLB (ALL) 7th-2,7th-2,LLB - ALL - (PC-Steam),,Very Epic,,Nitro/Grid
MBAACC (SA/BR) 1st,1st,MBAACC - SA/BR - (PC-Caster),UA,Receita Federal,@MillerRobert1,F-Warachia
MBAACC (SA/BR) 2nd,2nd,MBAACC - SA/BR - (PC-Caster),,Gonzaguinha,@Gonzagu54294692,"H-V.sion, F-Sion"
MBAACC (SA/BR) 3rd,3rd,MBAACC - SA/BR - (PC-Caster),,Kuroneko,@kurogato_da,H-Seifuku
MBAACC (SA/BR) 4th,4th,MBAACC - SA/BR - (PC-Caster),,Mariofeeh,@Mariofeeh,C-Nanaya
MBAACC (SA/BR) 5th-1,5th-1,MBAACC - SA/BR - (PC-Caster),,Rymaru,@RymaruMaster,C-Ryougi
MBAACC (SA/BR) 5th-2,5th-2,MBAACC - SA/BR - (PC-Caster),,Tatu,@tatubolabola,F-Kouma
MBAACC (SA/BR) 7th-1,7th-1,MBAACC - SA/BR - (PC-Caster),,Minus_myro,@minus_myro,F-Nanaya
MBAACC (SA/BR) 7th-2,7th-2,MBAACC - SA/BR - (PC-Caster),,paulo,@paulo_7482,C-Nero
MBAACC (SA/SUD) 1st,1st,MBAACC - SA/SUD - (PC-Caster),DYBB | SSA,Nanyako,@Nanyako3,H-Nanaya
MBAACC (SA/SUD) 2nd,2nd,MBAACC - SA/SUD - (PC-Caster),,StarlowMora,@MoraStarlow,C-PCiel
MBAACC (SA/SUD) 3rd,3rd,MBAACC - SA/SUD - (PC-Caster),,ShadowCarnage,@BT_ShadowC,C-Hime
MBAACC (SA/SUD) 4th,4th,MBAACC - SA/SUD - (PC-Caster),MeltySud,Lks,@Fabii93Lucas,F-Len
MBAACC (SA/SUD) 5th-1,5th-1,MBAACC - SA/SUD - (PC-Caster),,Pascut,@LoofPascut,C-Miyako
MBAACC (SA/SUD) 5th-2,5th-2,MBAACC - SA/SUD - (PC-Caster),,Canceris,@CancerisR,C-Nero
MBAACC (SA/SUD) 7th-1,7th-1,MBAACC - SA/SUD - (PC-Caster),,Ajosac96,@AaronSa13735058,F-Miyako
MBAACC (SA/SUD) 7th-2,7th-2,MBAACC - SA/SUD - (PC-Caster),Aracne,VermiCL,@VermiCL,C-Hisui
MBTL (SA/BR) 1st,1st,MBTL - SA/BR - (PC-Steam),,Kyuki,@KyukiVT,P. Ciel
MBTL (SA/BR) 2nd,2nd,MBTL - SA/BR - (PC-Steam),Basement,Fowz,@Fowztasia,Kouma
MBTL (SA/BR) 3rd,3rd,MBTL - SA/BR - (PC-Steam),MBR,Redhydra,@taxhavenbr,Ciel
MBTL (SA/BR) 4th,4th,MBTL - SA/BR - (PC-Steam),,Jorjão,@Jorgituzin,P. Ciel
MBTL (SA/BR) 5th-1,5th-1,MBTL - SA/BR - (PC-Steam),BAGRE,Tatubola,@tatubolabola,Kouma
MBTL (SA/BR) 5th-2,5th-2,MBTL - SA/BR - (PC-Steam),,Augustop,@kuromeido,Noel
MBTL (SA/BR) 7th-1,7th-1,MBTL - SA/BR - (PC-Steam),BAGRE,Nyss,@nyss01,Akiha
MBTL (SA/BR) 7th-2,7th-2,MBTL - SA/BR - (PC-Steam),,Shaheen,@ShaheenRifai,Roa
MBTL (SEA) 1st,1st,MBTL - SEA - (PC-Steam),,Huhx,@Huhx,Hisui
MBTL (SEA) 2nd,2nd,MBTL - SEA - (PC-Steam),,Eight,@eight_nm,P.Ciel
MBTL (SEA) 3rd,3rd,MBTL - SEA - (PC-Steam),,New Staff,@newstaff052,Noel
MBTL (SEA) 4th,4th,MBTL - SEA - (PC-Steam),,Acruis,@arkruis,Arcueid
MBTL (SEA) 5th-1,5th-1,MBTL - SEA - (PC-Steam),,Honk,@SyleJustSyle,Miyako
MBTL (SEA) 5th-2,5th-2,MBTL - SEA - (PC-Steam),,DDive,@WDDive,Roa
MBTL (SEA) 7th-1,7th-1,MBTL - SEA - (PC-Steam),,NyunNyun,@Nyunnzz,Aoko
MBTL (SEA) 7th-2,7th-2,MBTL - SEA - (PC-Steam),,HoujinTenkai,@HoangManhQuan4,Kouma
MM (ALL) 1st,1st,MM - ALL - (PC-Fightcade),,clobbering rush,@ClobberingR,Poochy
MM (ALL) 2nd,2nd,MM - ALL - (PC-Fightcade),,theadictt,,chinnen
MM (ALL) 3rd,3rd,MM - ALL - (PC-Fightcade),,Icariansea,@skywardgemstone,Lynn
MM (ALL) 4th,4th,MM - ALL - (PC-Fightcade),CR506,Orochi_Kyo,,Clara
MM (ALL) 5th-1,5th-1,MM - ALL - (PC-Fightcade),Nekopunchi,Ostman,,Saizo
MM (ALL) 5th-2,5th-2,MM - ALL - (PC-Fightcade),,PaidXXVII,@martins17090650,Mr. Jones
MM (ALL) 7th-1,7th-1,MM - ALL - (PC-Fightcade),,Taco-kun Carne,,Poochy
MM (ALL) 7th-2,7th-2,MM - ALL - (PC-Fightcade),,Whisp,@Whisp90,White
MOTW (SA/BR) 1st,1st,MOTW - SA/BR - (PC-Fightcade),,VWatchDog,@vitorwatchdog,Gato
MOTW (SA/BR) 2nd,2nd,MOTW - SA/BR - (PC-Fightcade),,Lcfreezer,@lcfreezer,Tizoc
MOTW (SA/BR) 3rd,3rd,MOTW - SA/BR - (PC-Fightcade),,IgãoDK,@Igor7374,Marco
MOTW (SA/BR) 4th,4th,MOTW - SA/BR - (PC-Fightcade),,!Well,,Gato
MOTW (SA/BR) 5th-1,5th-1,MOTW - SA/BR - (PC-Fightcade),NenF,Cassie,@cassie___1,B. Jenet
MOTW (SA/BR) 5th-2,5th-2,MOTW - SA/BR - (PC-Fightcade),,Depressão,,Gato
MOTW (SA/BR) 7th-1,7th-1,MOTW - SA/BR - (PC-Fightcade),,Mandaloriano 95,,Hotaru
MOTW (SA/BR) 7th-2,7th-2,MOTW - SA/BR - (PC-Fightcade),GMP,Vini500g,@Vini500g,JaeHoon
NTM (ALL) 1st,1st,NTM - ALL - (PC-Fightcade),,@notel#2051,@notel_ntm,Robert Landolt
NTM (ALL) 2nd,2nd,NTM - ALL - (PC-Fightcade),,Ken-7stars#8124,@ken_7_stars,Robert Landolt
NTM (ALL) 3rd,3rd,NTM - ALL - (PC-Fightcade),,Library,@BibliotecaTonta,Robert Landolt
NTM (ALL) 4th,4th,NTM - ALL - (PC-Fightcade),,Skuttie,@SkuttieG,Robert Landolt
NTM (ALL) 5th-1,5th-1,NTM - ALL - (PC-Fightcade),,KrookedUtMN,@krookedu,Frank Adams
NTM (ALL) 5th-2,5th-2,NTM - ALL - (PC-Fightcade),,sludgetoxin,@sludgetoxin__,Frank Adams
NTM (ALL) 7th-1,7th-1,NTM - ALL - (PC-Fightcade),,ChaseTatsujin,@Tatsujin,Robert Landolt
NTM (ALL) 7th-2,7th-2,NTM - ALL - (PC-Fightcade),,RichyX,,Robert Landolt
P4U2 (NA+EU) 1st,1st,P4U2 - NA+EU - (PC-Steam),,Atarax570,@Atarax570,Elizabeth
P4U2 (NA+EU) 2nd,2nd,P4U2 - NA+EU - (PC-Steam),,Aurha,,Labrys
P4U2 (NA+EU) 3rd,3rd,P4U2 - NA+EU - (PC-Steam),Rising Stars,Hero,,Aigis
P4U2 (NA+EU) 4th,4th,P4U2 - NA+EU - (PC-Steam),TRANS RIGHTS,Milpy,@MilpyChannel,Shadow Labrys
P4U2 (NA+EU) 5th-1,5th-1,P4U2 - NA+EU - (PC-Steam),PFC,MurtleisJordan,@MagatsuJordyne,Adachi
P4U2 (NA+EU) 5th-2,5th-2,P4U2 - NA+EU - (PC-Steam),Rising Stars,Karma,@KarmaVR_,Shadow Naoto
P4U2 (NA+EU) 7th-1,7th-1,P4U2 - NA+EU - (PC-Steam),,T-Loc,,Shadow Mitsuru
P4U2 (NA+EU) 7th-2,7th-2,P4U2 - NA+EU - (PC-Steam),,Random,,Naoto Shirogane
P4U2 (OCE) 1st,1st,P4U2 - OCE - (PC-Steam),,Beedozer,@Beedozer3,Yu Narukami
P4U2 (OCE) 2nd,2nd,P4U2 - OCE - (PC-Steam),,Goon,@Goonster__,Adachi
P4U2 (OCE) 3rd,3rd,P4U2 - OCE - (PC-Steam),,Blademaster,,Sho
P4U2 (OCE) 4th,4th,P4U2 - OCE - (PC-Steam),,Kargo,@Kargo_06,Margaret
P4U2 (OCE) 5th-1,5th-1,P4U2 - OCE - (PC-Steam),,Kitoro,@Kitoro_,Shadow Mitsuru
P4U2 (OCE) 5th-2,5th-2,P4U2 - OCE - (PC-Steam),,DrHealmore,@DrHealmore,Marie
P4U2 (OCE) 7th-1,7th-1,P4U2 - OCE - (PC-Steam),,Nember,@Nemnember,Minazuki
P4U2 (OCE) 7th-2,7th-2,P4U2 - OCE - (PC-Steam),,Corrinth,,Labrys
P4U2 (SA/SUD) 1st,1st,P4U2 - SA/SUD - (PC-Steam),WG,Kesaca,@Kesaca_,Margaret
P4U2 (SA/SUD) 2nd,2nd,P4U2 - SA/SUD - (PC-Steam),Aracne,VermiCL,@VermiCL,Aigis
P4U2 (SA/SUD) 3rd,3rd,P4U2 - SA/SUD - (PC-Steam),,Meia,@Lincolnxs1,Yu Narukami
P4U2 (SA/SUD) 4th,4th,P4U2 - SA/SUD - (PC-Steam),Gensou,Vibago,@Vibago3,Yukari Takeba
P4U2 (SA/SUD) 5th-1,5th-1,P4U2 - SA/SUD - (PC-Steam),,Tsuki,@Lunaisanentity,Yu Narukami
P4U2 (SA/SUD) 5th-2,5th-2,P4U2 - SA/SUD - (PC-Steam),,Figue,@El_Faganer57,Junpei Iori
P4U2 (SA/SUD) 7th-1,7th-1,P4U2 - SA/SUD - (PC-Steam),,AlterNowa,@AlterNowa,Ken Amada
P4U2 (SA/SUD) 7th-2,7th-2,P4U2 - SA/SUD - (PC-Steam),PDR,Mith,@MithFGC,Rise Kujikawa
PBO (JP) 1st,1st,PBO - JP - (PS4),,Loliko Blade,@fallenangel_bb9,Itsuki
PBO (JP) 2nd,2nd,PBO - JP - (PS4),,Volfeed,@volfeednow,Ende
PBO (JP) 3rd,3rd,PBO - JP - (PS4),,Moehamebonmaru,@MOEHAME13ON,Rimi
PBO (JP) 4th,4th,PBO - JP - (PS4),,KOMI,@KOMICOM,Ria
PBO (JP) 5th-1,5th-1,PBO - JP - (PS4),,Syanderike,@syanderike,M
PBO (JP) 5th-2,5th-2,PBO - JP - (PS4),,SHINJAY,@SHINJ4Y_,Yuzuha
PBO (JP) 7th-1,7th-1,PBO - JP - (PS4),,Sionmesi,,Tokiya
PBO (JP) 7th-2,7th-2,PBO - JP - (PS4),,Berun No Beam!,,Mikoto
PBO (NA) 1st,1st,PBO - NA - (PC-Steam),,MCM,@MCM931 ,Sophia Karganova
PBO (NA) 2nd,2nd,PBO - NA - (PC-Steam),,Akuadynasty,@akuadynasty,Shizuka Saejima
PBO (NA) 3rd,3rd,PBO - NA - (PC-Steam),,Keobas,@keogamer,Artifactor
PBO (NA) 4th,4th,PBO - NA - (PC-Steam),,BulkyHarpy75,,M
PBO (NA) 5th-1,5th-1,PBO - NA - (PC-Steam),,Bloo,@Bloo4LYFE,Shin Waka Kumon
PBO (NA) 5th-2,5th-2,PBO - NA - (PC-Steam),,SHINJAY,@ShinJ4Y_,Yuzuha Fujibayashi
PBO (NA) 7th-1,7th-1,PBO - NA - (PC-Steam),,K.R.X,@killrook,Mei Orisaka
PBO (NA) 7th-2,7th-2,PBO - NA - (PC-Steam),,FreeGolem,,Kurisu Makise
PJ (ALL) 1st,1st,PJ - ALL - (PC-Fightcade),, Regular Sized Majin,@Hi_Im_Majin,"Kyosuke, Edge, Natsu"
PJ (ALL) 2nd,2nd,PJ - ALL - (PC-Fightcade),KOR,NAMAIKI,,"Kurow, Vatsu, Hideo"
PJ (ALL) 3rd,3rd,PJ - ALL - (PC-Fightcade),S-men,ChairGTables,@ChairGTables,"Chairperson, Momo, Ran"
PJ (ALL) 4th,4th,PJ - ALL - (PC-Fightcade),,BCDeshiG,,"Edge, Vatsu, Roberto"
PJ (ALL) 5th-1,5th-1,PJ - ALL - (PC-Fightcade),,Kaelis,@KaelisMirage,"Kyoko, Zaki, Roberto"
PJ (ALL) 5th-2,5th-2,PJ - ALL - (PC-Fightcade),,Alchemist of Atlas,@MahoutsukaiRin,"Kyoko, Natsu, Tiffany"
PJ (ALL) 7th-1,7th-1,PJ - ALL - (PC-Fightcade),,Micaiah,@MicaiahFGC,"Roberto, Kyosuke, Hayato"
PJ (ALL) 7th-2,7th-2,PJ - ALL - (PC-Fightcade),,Miller2B,,"Roy, Roberto, Kyoko"
ROA (EU) 1st,1st,ROA - EU - (PC-Steam),,Fireicey,@Fir3icey,Zetterburn
ROA (EU) 2nd,2nd,ROA - EU - (PC-Steam),,TheDripCollector,@GiveMeYourDrip,Wrastor
ROA (EU) 3rd,3rd,ROA - EU - (PC-Steam),,Sheush,@TheSheush,Elliana
ROA (EU) 4th,4th,ROA - EU - (PC-Steam),,Hukon,Maypul,HukonRH
ROA (EU) 5th-1,5th-1,ROA - EU - (PC-Steam),,Lucy,@fullmoonIullaby,Ori & Sein
ROA (EU) 5th-2,5th-2,ROA - EU - (PC-Steam),,Bleblemlic,TheRealBleb,Etalus
ROA (EU) 7th-1,7th-1,ROA - EU - (PC-Steam),,Bigworsh,,Pomme
ROA (EU) 7th-2,7th-2,ROA - EU - (PC-Steam),,Lionzo,@Lionzo12,Kragg
SCVI (NA) 1st,1st,SCVI - NA - (PC),DEUS,Incendiate,@incendiate,Xianghua
SCVI (NA) 2nd,2nd,SCVI - NA - (PC),,RuberBeefMan,@RuberbeefMan,Hilde
SCVI (NA) 3rd,3rd,SCVI - NA - (PC),,MasterCJ,@Mas1erCJ,Amy
SCVI (NA) 4th,4th,SCVI - NA - (PC),ELE,No Woe,@Yo_NoWoe,Seong Mi-na
SCVI (NA) 5th-1,5th-1,SCVI - NA - (PC),,Feremuntrus,@Feremuntrus,Zasalamel
SCVI (NA) 5th-2,5th-2,SCVI - NA - (PC),CD,Schneider-X,@SchneiderX204,Nightmare
SCVI (NA) 7th-1,7th-1,SCVI - NA - (PC),ELE,SlyTiger,@slytigertalim,Talim
SCVI (NA) 7th-2,7th-2,SCVI - NA - (PC),,RonTheTryhard,@RonTryhard,Zasalamel
TMNTTF (NA) 1st,1st,TMNTTF - NA - (PC-Dolphin),,Xforce77,,"Chromedome, Shreder"
TMNTTF (NA) 2nd,2nd,TMNTTF - NA - (PC-Dolphin),,MooMaster,,"Ralph, Mikey"
TMNTTF (NA) 3rd,3rd,TMNTTF - NA - (PC-Dolphin),,Aszaxa,,War
TMNTTF (NA) 4th,4th,TMNTTF - NA - (PC-Dolphin),,yRtR,,Mikey
TMNTTF (NA) 5th-1,5th-1,TMNTTF - NA - (PC-Dolphin),,Theresa,,Aska
TMNTTF (NA) 5th-2,5th-2,TMNTTF - NA - (PC-Dolphin),,ChairGTables,,Mikey
TMNTTF (NA) 7th-1,7th-1,TMNTTF - NA - (PC-Dolphin),,Gyaru,,Chromedome
TMNTTF (NA) 7th-2,7th-2,TMNTTF - NA - (PC-Dolphin),,KuroRaiden,,Shredder
TMNTXJLT (NA) 1st,1st,TMNTXJLT - NA - (PC),,SenkouZero,,"Shredder, Batman, Clayface"
TMNTXJLT (NA) 2nd,2nd,TMNTXJLT - NA - (PC),,Aszaxa,,War
TMNTXJLT (NA) 3rd,3rd,TMNTXJLT - NA - (PC),,Geki_CP,,Shredder
TMNTXJLT (NA) 4th,4th,TMNTXJLT - NA - (PC),,Gyaru,,"Omega Shredder, Wingnut"
TMNTXJLT (NA) 5th-1,5th-1,TMNTXJLT - NA - (PC),,MikeT,,Aska
TMNTXJLT (NA) 7th-1,7th-1,TMNTXJLT - NA - (PC),,GriffyBones,,Kirby
TMNTXJLT (NA) 7th-2,7th-2,TMNTXJLT - NA - (PC),,DacidBro,,Karai
UNICLR (NA/EC) 1st,1st,UNICLR - NA/EC - (PC-Steam),,BigBlack,@BigBlack45209,Byakuya
UNICLR (NA/EC) 2nd,2nd,UNICLR - NA/EC - (PC-Steam),,Defiant,@Defiant_def,Hyde/Londrekia/Gordeau
UNICLR (NA/EC) 3rd,3rd,UNICLR - NA/EC - (PC-Steam),,D.A.C,@TistheDac,Byakuya
UNICLR (NA/EC) 4th,4th,UNICLR - NA/EC - (PC-Steam),,mimi,@mintcocoamilk,Mika
UNICLR (NA/EC) 5th-1,5th-1,UNICLR - NA/EC - (PC-Steam),,Ragnell345,@FranciscoZagal8,Wagner
UNICLR (NA/EC) 5th-2,5th-2,UNICLR - NA/EC - (PC-Steam),Matryx,Avi,@AviJx2,Hyde
UNICLR (NA/EC) 7th-1,7th-1,UNICLR - NA/EC - (PC-Steam),,Bladestorm,,Wagner
UNICLR (NA/EC) 7th-2,7th-2,UNICLR - NA/EC - (PC-Steam),,Skuttie,@SkuttieG,Yuzu
UNICLR (NA/WC) 1st,1st,UNICLR - NA/WC - (PC-Steam),Play Trails,Ruric,@Rur1c,Yuzuriha
UNICLR (NA/WC) 2nd,2nd,UNICLR - NA/WC - (PC-Steam),,Drunk Suika Ibuki,@VanSuika_,Vatista
UNICLR (NA/WC) 3rd,3rd,UNICLR - NA/WC - (PC-Steam),,Smiles,@Smilepants_,Waldstein
UNICLR (NA/WC) 4th,4th,UNICLR - NA/WC - (PC-Steam),星詠み,Aria,@AriaEbenfalls,Phonon
UNICLR (NA/WC) 5th-1,5th-1,UNICLR - NA/WC - (PC-Steam),,Mooncookies,@EltnumsBeret,Eltnum
UNICLR (NA/WC) 5th-2,5th-2,UNICLR - NA/WC - (PC-Steam),#UNIROLLBACK,CG,@EnkidudeCG,Enkidu
UNICLR (NA/WC) 7th-1,7th-1,UNICLR - NA/WC - (PC-Steam),,c_rakestraw,@c_rakestraw,Hyde
UNICLR (NA/WC) 7th-2,7th-2,UNICLR - NA/WC - (PC-Steam),,Meganecon,@meganecon_,Nanase
VF5US (NA) 1st,1st,VF5US - NA - (PS4),KDQ,Tricky,@Tricky_Eileen,Eileen
VF5US (NA) 2nd,2nd,VF5US - NA - (PS4),,Genesis_Frenzy,@GenesisFrenzy,Aoi
VF5US (NA) 3rd,3rd,VF5US - NA - (PS4),,Aztec,,Goh
VF5US (NA) 4th,4th,VF5US - NA - (PS4),,Paul68kdmd,@Paul68kdmd,Akira
VF5US (NA) 5th-1,5th-1,VF5US - NA - (PS4),,P-CO,,Brad
VF5US (NA) 5th-2,5th-2,VF5US - NA - (PS4),RIZE,GriffyBones,@GriffyBones,Jacky
VF5US (NA) 7th-1,7th-1,VF5US - NA - (PS4),,Macc,@MaccSensei,Pai
WW7 (ALL) 1st,1st,WW7 - ALL - (PC-Fightcade),NekoPunchi,Naldinho Ostman,,Dandy J
WW7 (ALL) 2nd,2nd,WW7 - ALL - (PC-Fightcade),,Hyggend,@hyggend,Tesse
WW7 (ALL) 3rd,3rd,WW7 - ALL - (PC-Fightcade),,EroBrYanFuYu,,Arina
WW7 (ALL) 4th,4th,WW7 - ALL - (PC-Fightcade),,Asaka_Isoshi,,Slash
WW7 (ALL) 5th-1,5th-1,WW7 - ALL - (PC-Fightcade),PLAB,Pudding Squeaks,@PuddingSqueaks,Tesee
WW7 (ALL) 5th-2,5th-2,WW7 - ALL - (PC-Fightcade),SETX,B.G.,@BG_KOF,Mauru
WW7 (ALL) 7th-1,7th-1,WW7 - ALL - (PC-Fightcade),,Cyber_Yagami,,Mauru
WW7 (ALL) 7th-2,7th-2,WW7 - ALL - (PC-Fightcade),YESU,Nutria,@nutriafgc,Slash
MajSoul (ALL) 1st,1st,MajSoul - ALL - (PC),,Kress,,Haruna
MajSoul (ALL) 2nd,2nd,MajSoul - ALL - (PC),HONORS,bloodsport,,Ichihime
MajSoul (ALL) 3rd,3rd,MajSoul - ALL - (PC),SRMC,Misder,,Ichihime
MajSoul (ALL) 4th,4th,MajSoul - ALL - (PC),,FX,,Ryan
MajSoul (ALL) 5th-1,5th-1,MajSoul - ALL - (PC),HAT,Resko,,Keikumusume
MajSoul (ALL) 5th-2,5th-2,MajSoul - ALL - (PC),Cincy,AC Walker,,Nanaha
MajSoul (ALL) 7th-1,7th-1,MajSoul - ALL - (PC),TRRMA,CheckRaiseXIV,,Kaavi
MajSoul (ALL) 7th-2,7th-2,MajSoul - ALL - (PC),,xyzzzzzzzz,,Ichihime
ABEW (ALL) 1st,1st,ABEW - ALL - (PC-Fightcade),,Gabrielmugen,@gabrielmugen1,Yashaou
ABEW (ALL) 2nd,2nd,ABEW - ALL - (PC-Fightcade),SNAIL,ViviMayoi,@ViviMayoi,Chen-Mao / Alice!
ABEW (ALL) 3rd,3rd,ABEW - ALL - (PC-Fightcade),,Attitude Indicator,@attitudeindicat,Goat
ABEW (ALL) 4th,4th,ABEW - ALL - (PC-Fightcade),,linkdestroyer4,@MrMeow08995361,Rokurouta
ABEW (ALL) 5th-1,5th-1,ABEW - ALL - (PC-Fightcade),PNW,Wedge,@Cmndr_Antilles,Rose Mary
ABEW (ALL) 5th-2,5th-2,ABEW - ALL - (PC-Fightcade),,Lord Arrogant,,Sittara / Yashaou
ABEW (ALL) 7th-1,7th-1,ABEW - ALL - (PC-Fightcade),,Person111789,@Art_Zealous,Rose Mary
ABEW (ALL) 7th-2,7th-2,ABEW - ALL - (PC-Fightcade),,Firehyphen,@DragonNamedFire,Goat
BBCF (NA) 1st,1st,BBCF - NA - (PC-Steam),Rivals | RKG,Icecool,@Rivals_Icecool,Susanoo
BBCF (NA) 2nd,2nd,BBCF - NA - (PC-Steam),,Lord MacoT,,Kokonoe
BBCF (NA) 3rd,3rd,BBCF - NA - (PC-Steam),,Don,,Relius
BBCF (NA) 4th,4th,BBCF - NA - (PC-Steam),,Nano,@Itz_Just_Nano,Izanami
BBCF (NA) 5th-1,5th-1,BBCF - NA - (PC-Steam),,Kyouxchan,,Mai
BBCF (NA) 5th-2,5th-2,BBCF - NA - (PC-Steam),,KILLAKOB3S,@Killakobes360,Bang
BBCF (NA) 7th-1,7th-1,BBCF - NA - (PC-Steam),,JukeBoxHaru,@JukeBoxHaru,Kagura
BBCF (NA) 7th-2,7th-2,BBCF - NA - (PC-Steam),,Daze,@letsdaze_,Jin
BBCF (SEA) 1st,1st,BBCF - SEA - (PC-Steam),,Division,,Nu-13
BBCF (SEA) 2nd,2nd,BBCF - SEA - (PC-Steam),MFZ,NirwanaTimur,,Susano'o
BBCF (SEA) 3rd,3rd,BBCF - SEA - (PC-Steam),,Lung,@Lung259,Nine the Phantom
BBCF (SEA) 4th,4th,BBCF - SEA - (PC-Steam),CG,Almagest,@almagest0402,Hakumen
BBCF (SEA) 5th-1,5th-1,BBCF - SEA - (PC-Steam),,Hakari882,@wagari15,Noel Vermillion
BBCF (SEA) 5th-2,5th-2,BBCF - SEA - (PC-Steam),MFZ,Lateinn,@Einntal,Hazama
BBCF (SEA) 7th-1,7th-1,BBCF - SEA - (PC-Steam),,Magatsu,@magatsuvale,Naoto Kurogane
BBCF (SEA) 7th-2,7th-2,BBCF - SEA - (PC-Steam),,Yuki Minakami,@ACE_0F_ACES_22,Hazama
BBTAG (SA) 1st,1st,BBTAG - SA - (PC-Steam),,Sinho,@sinho737,Chie/Yumi
BBTAG (SA) 2nd,2nd,BBTAG - SA - (PC-Steam),,Crocks,,Adachi/Narukami
BBTAG (SA) 3rd,3rd,BBTAG - SA - (PC-Steam),,Shonko,,Narukami/Adachi
BBTAG (SA) 4th,4th,BBTAG - SA - (PC-Steam),,Kreation,@Kreationxd,Naoto S./Blake
BBTAG (SA) 5th-1,5th-1,BBTAG - SA - (PC-Steam),,Vashido,@Vashido9,Seth/Hyde
BBTAG (SA) 5th-2,5th-2,BBTAG - SA - (PC-Steam),PDR,Mith,@MithFGC  ,Heart/Narukami
BBTAG (SA) 7th-1,7th-1,BBTAG - SA - (PC-Steam),,Chompy,,Noel/Yumi
BBTAG (SA) 7th-2,7th-2,BBTAG - SA - (PC-Steam),,Benja,@BenjaGaW,Linne/Chie
DD (NA+SA) 1st,1st,DD - NA+SA - (PC-Fightcade),,MooMaster,@MooMasterFHD,Eddie
DD (NA+SA) 2nd,2nd,DD - NA+SA - (PC-Fightcade),,ThotBusterNo1,@ThotBusterNo1,Jimmy
DD (NA+SA) 3rd,3rd,DD - NA+SA - (PC-Fightcade),,Gyaru,@GarouGyaru,Marian
DD (NA+SA) 4th,4th,DD - NA+SA - (PC-Fightcade),,Ratttz,@RatttzMessd,Abobo
DD (NA+SA) 5th-1,5th-1,DD - NA+SA - (PC-Fightcade),,SoulForce,@Soul_Force,Eddie
DD (NA+SA) 5th-2,5th-2,DD - NA+SA - (PC-Fightcade),,AnotherNoob,,Rebecca
DD (NA+SA) 7th-1,7th-1,DD - NA+SA - (PC-Fightcade),,Detective Parks,@DetectivePYT,Abobo
DD (NA+SA) 7th-2,7th-2,DD - NA+SA - (PC-Fightcade),,funkdoc,@joshthefunkdoc,Billy
DFCI (NA) 1st,1st,DFCI - NA - (PC),,Abister,@abister02,Shana
DFCI (NA) 2nd,2nd,DFCI - NA - (PC),,Level5-JeepChan,@Level5JeepChan,Miyuki Shiba
DFCI (NA) 3rd,3rd,DFCI - NA - (PC),,Tomuhawk,@NYC_Tomuhawk,Shizuo Heiwajima
DFCI (NA) 4th,4th,DFCI - NA - (PC),,The Spine,@TheSpine_,Kirino Kousaka
DFCI (NA) 5th-1,5th-1,DFCI - NA - (PC),,D.A.C,@TistheDac,Rentaro Satomi
DFCI (NA) 5th-2,5th-2,DFCI - NA - (PC),,Hyde,@hydechiko,Shizuo Heiwajima
DFCI (NA) 7th-1,7th-1,DFCI - NA - (PC),,Ryazo,@RyazoGt,Ako Tamaki
DFCI (NA) 7th-2,7th-2,DFCI - NA - (PC),,Pikashockz,@SkyAstrelle,Mikoto Misaka
DNFD (NA) 1st,1st,DNFD - NA - (PC-Steam),,tenuredthemule,@tenuredthemule,Hitman
DNFD (NA) 2nd,2nd,DNFD - NA - (PC-Steam),,SonicSol,@sonic_sol,Striker
DNFD (NA) 3rd,3rd,DNFD - NA - (PC-Steam),,Anton,@StephenAntonnn,Inquisitor
DNFD (NA) 4th,4th,DNFD - NA - (PC-Steam),,MegaDosage,,Swift Master
DNFD (NA) 5th-1,5th-1,DNFD - NA - (PC-Steam),,Bored-erlands,@Boring_lads ,Launcher
DNFD (NA) 5th-2,5th-2,DNFD - NA - (PC-Steam),,FlowChartK3n,@FlowChartK3n,Berserker
DNFD (NA) 7th-1,7th-1,DNFD - NA - (PC-Steam),RFL,Ryazo,@RyazoGt,Crusader
DNFD (NA) 7th-2,7th-2,DNFD - NA - (PC-Steam),,Rezby,@RezbyYT,Crusader
DNFD (SA/BR) 1st,1st,DNFD - SA/BR - (PS4),UA,Nathan,@NathanIWN,Hitman
DNFD (SA/BR) 2nd,2nd,DNFD - SA/BR - (PS4),EC,Shiiras,@Shiiras,Striker
DNFD (SA/BR) 3rd,3rd,DNFD - SA/BR - (PS4),,Chip,@chip_dmg,Berserker
DNFD (SA/BR) 4th,4th,DNFD - SA/BR - (PS4),AGRO,Amaterasu,,Swift Master
DNFD (SA/BR) 5th-1,5th-1,DNFD - SA/BR - (PS4),,JPDreeamnz,@JPDreeamnz,Dragon Knight
DNFD (SA/BR) 5th-2,5th-2,DNFD - SA/BR - (PS4),EC,Soul,@SoulShoryuken,Swift Master
DNFD (SA/BR) 7th-1,7th-1,DNFD - SA/BR - (PS4),EC,UltraBeakman,@RodrigoJSimon,Crusader
DNFD (SA/BR) 7th-2,7th-2,DNFD - SA/BR - (PS4),,Sonic-X,,Enchantress
DOA6 (JP) 1st,1st,DOA6 - JP - (PS4),,ずひこ,,
DOA6 (JP) 2nd,2nd,DOA6 - JP - (PS4),,タクヤ,,
DOA6 (JP) 3rd,3rd,DOA6 - JP - (PS4),,パン,,
DOA6 (JP) 4th,4th,DOA6 - JP - (PS4),,ＡＫＡ,,
DOA6 (JP) 5th-1,5th-1,DOA6 - JP - (PS4),,Cの人(仮),,
DOA6 (JP) 5th-2,5th-2,DOA6 - JP - (PS4),,Ryuya,,
DOA6 (JP) 7th-1,7th-1,DOA6 - JP - (PS4),,ゴリペン,,
DOA6 (JP) 7th-2,7th-2,DOA6 - JP - (PS4),,犬番長,,
EFZ (SA/BR) 1st,1st,EFZ - SA/BR - (PC-Caster),Gensou,Lusvik,@gustavo_lusvik,Mayu
EFZ (SA/BR) 2nd,2nd,EFZ - SA/BR - (PC-Caster),HFTFBR,Ardan do Infinito,@ArdanDoInfinito,Misaki
EFZ (SA/BR) 3rd,3rd,EFZ - SA/BR - (PC-Caster),LDG,Ikkisoad,@Ikkisoad,Kano
EFZ (SA/BR) 4th,4th,EFZ - SA/BR - (PC-Caster),EFZ,Minos,@Imjustbored_BR,Nayuki
EFZ (SA/BR) 5th-1,5th-1,EFZ - SA/BR - (PC-Caster),EFZ,Stella,@StellaEfz,Misuzu
EFZ (SA/BR) 5th-2,5th-2,EFZ - SA/BR - (PC-Caster),,Yang,@Yang23__,Mayu
EFZ (SA/BR) 7th-1,7th-1,EFZ - SA/BR - (PC-Caster),FGCI,WylAyres,,Sayuri
EFZ (SA/BR) 7th-2,7th-2,EFZ - SA/BR - (PC-Caster),Gensou,Decarabia,@decarabia57,Kano
GBVS Steam (SA/BR) 1st,1st,GBVS - SA/BR - (PC-Steam),,AmmySensei,@AkatsukiSensei,Siox
GBVS Steam (SA/BR) 2nd,2nd,GBVS - SA/BR - (PC-Steam),,Hazler,@HazHazdoGBVS,Metera
GBVS Steam (SA/BR) 3rd,3rd,GBVS - SA/BR - (PC-Steam),ARC (Arcadian),Aoi,@HenriqueRod21,Zooey
GBVS Steam (SA/BR) 4th,4th,GBVS - SA/BR - (PC-Steam),,Elodius,@MrElodius,Zeta
GBVS Steam (SA/BR) 5th-1,5th-1,GBVS - SA/BR - (PC-Steam),UA,Nathan,@NathanIWN,Katalina
GBVS Steam (SA/BR) 5th-2,5th-2,GBVS - SA/BR - (PC-Steam),EC,Soul,@Soulshoryuken,Six
GBVS Steam (SA/BR) 7th-1,7th-1,GBVS - SA/BR - (PC-Steam),,Rig_Veda,@Exec_Rig_Veda_,Cagliostro
GBVS Steam (SA/BR) 7th-2,7th-2,GBVS - SA/BR - (PC-Steam),,MagnumGear,@xXx_G_Lima_xXx,Narmaya
GGACPR (JP) 1st,1st,GGACPR - JP - (PC-Steam),,Kesuke,@ksksandesu,Testament
GGACPR (JP) 2nd,2nd,GGACPR - JP - (PC-Steam),,Matsui,@matuid7000,Zappa
GGACPR (JP) 3rd,3rd,GGACPR - JP - (PC-Steam),,Hotta, @hotta_masayoshi,Justice
GGACPR (JP) 4th,4th,GGACPR - JP - (PC-Steam),,Rakkosan,,Justice
GGACPR (JP) 5th-1,5th-1,GGACPR - JP - (PC-Steam),,Shamisen,@mikenekosyami,Testament
GGACPR (JP) 5th-2,5th-2,GGACPR - JP - (PC-Steam),,Tenkai,@_tenkai,Johnny
GGACPR (JP) 7th-1,7th-1,GGACPR - JP - (PC-Steam),,Nok,@naoking0083,Baiken
GGXRD (OCE) 1st,1st,GGXRD - OCE - (PC-Steam),,Risky | CrazyDiamond,@risky_b_s,Potemkin
GGXRD (OCE) 2nd,2nd,GGXRD - OCE - (PC-Steam),,saf,@saf_gc,Venom
GGXRD (OCE) 3rd,3rd,GGXRD - OCE - (PC-Steam),,gLass,@gLass_623,Sin Kiske
GGXRD (OCE) 4th,4th,GGXRD - OCE - (PC-Steam),,Feri,,Johnny
GGXRD (OCE) 5th-1,5th-1,GGXRD - OCE - (PC-Steam),,arobius,,Johnny
GGXRD (OCE) 5th-2,5th-2,GGXRD - OCE - (PC-Steam),,Toneblerone,@Toneblerones,Jack-O
GGXRD (OCE) 7th-1,7th-1,GGXRD - OCE - (PC-Steam),,MetllaicCake,,Chipp
GGXRD (OCE) 7th-2,7th-2,GGXRD - OCE - (PC-Steam),crACT,Eutro,,Faust
HFTF (NA) 1st,1st,HFTF - NA - (PC-Fightcade),,ProjectPotato,,New Kakyoin
HFTF (NA) 2nd,2nd,HFTF - NA - (PC-Fightcade),,A Mongol,,Iggy
HFTF (NA) 3rd,3rd,HFTF - NA - (PC-Fightcade),,argentsoul,,Polnareff
HFTF (NA) 4th,4th,HFTF - NA - (PC-Fightcade),,Scythepods,,Midler
HFTF (NA) 5th-1,5th-1,HFTF - NA - (PC-Fightcade),,acr2,,Midler
HFTF (NA) 5th-2,5th-2,HFTF - NA - (PC-Fightcade),,CrunchyChocolateMilk,,Didn't Actually Play
HFTF (NA) 7th-1,7th-1,HFTF - NA - (PC-Fightcade),,BeegEngineer,@beegengineer,Shadow Dio
HFTF (NA) 7th-2,7th-2,HFTF - NA - (PC-Fightcade),,mr butterhee,,Young Joseph
KOF2003 (ALL) 1st,1st,KOF2003 - ALL - (PC-Fightcade),RDL,Riseng,@Riseng7,Duo Lon/Iori/Kyo
KOF2003 (ALL) 2nd,2nd,KOF2003 - ALL - (PC-Fightcade),,BazzGX,@supbazz,Shingo/King/Maxima
KOF2003 (ALL) 3rd,3rd,KOF2003 - ALL - (PC-Fightcade),,Cyber_Yagami,@CyberYagamiBR,Iori/Duo Lon/Gato
KOF2003 (ALL) 4th,4th,KOF2003 - ALL - (PC-Fightcade),,Ramo Ragde,,Billy Kane/Yamazaki/Jhun
KOF2003 (ALL) 5th-1,5th-1,KOF2003 - ALL - (PC-Fightcade),,Chip,@Chip_dmg,Iori/Billy Kane/Shen
KOF2003 (ALL) 5th-2,5th-2,KOF2003 - ALL - (PC-Fightcade),BPK,Waifu,@TBP_waifu,Iori/Duo Lon/Mai
KOF2003 (ALL) 7th-1,7th-1,KOF2003 - ALL - (PC-Fightcade),,theadictt,,Gato/King/Iori
KOF2003 (ALL) 7th-2,7th-2,KOF2003 - ALL - (PC-Fightcade),,Sudano,@SudanoJogos,Duo Lon/Iori/Kyo
KOFXV (NA) 1st,1st,KOFXV - NA - (PC-Steam),TxC,ViolentKain,@ViolentKain,Rock/Iori/Kyo
KOFXV (NA) 2nd,2nd,KOFXV - NA - (PC-Steam),TxC,El Rosa,@elrosa_,Ramon/O. Yashiro/KOD
KOFXV (NA) 3rd,3rd,KOFXV - NA - (PC-Steam),AR TG,El_Dogor,@El_Doogor,Yuri/Iori/Rock
KOFXV (NA) 4th,4th,KOFXV - NA - (PC-Steam),,Juan KOF,@Juan_K0F,Iori/O. Yashiro/B. Jenet
KOFXV (NA) 5th-1,5th-1,KOFXV - NA - (PC-Steam),TTV,ThotBusterNo1,@ThotBusterNo1,King/O. Yashiro/Shermie
KOFXV (NA) 5th-2,5th-2,KOFXV - NA - (PC-Steam),,Incross,@crossknockout,Iori/Shunei/Mai
KOFXV (NA) 7th-1,7th-1,KOFXV - NA - (PC-Steam),,Darkmatter,@tehevilstewie,Kyo/Iori/O. Chris
KOFXV (NA) 7th-2,7th-2,KOFXV - NA - (PC-Steam),,Newtype,@newtype623,Kula/Kukri/Whip
KOIHIME (SA/BR) 1st,1st,KOIHIME - SA/BR - (PC-Steam),,Razor,,Jokō
KOIHIME (SA/BR) 2nd,2nd,KOIHIME - SA/BR - (PC-Steam),,General Ell,,Kakōen
KOIHIME (SA/BR) 3rd,3rd,KOIHIME - SA/BR - (PC-Steam),,Mordon,,Sonshōkō
KOIHIME (SA/BR) 4th,4th,KOIHIME - SA/BR - (PC-Steam),,Mandaloriano,mandaloriano_95,Gakushin
KOIHIME (SA/BR) 5th-1,5th-1,KOIHIME - SA/BR - (PC-Steam),,WylAyres,,Sonshōkō
KOIHIME (SA/BR) 5th-2,5th-2,KOIHIME - SA/BR - (PC-Steam),,NolanPhoenix,@Nolan__Phoenix,Ryofu
KOIHIME (SA/BR) 7th-1,7th-1,KOIHIME - SA/BR - (PC-Steam),,Imano Ob,,Gakushin
KOIHIME (SA/BR) 7th-2,7th-2,KOIHIME - SA/BR - (PC-Steam),,Big David,,Ryofu
LAND (ALL) 1st,1st,LAND - ALL - (PC-Fightcade),QCS,ywy,@yowaikoi,Aifa
LAND (ALL) 2nd,2nd,LAND - ALL - (PC-Fightcade),PW,Ratttz,@RatttzMessd,Aifa
LAND (ALL) 3rd,3rd,LAND - ALL - (PC-Fightcade),QCS,cybrained,,Rinrei
LAND (ALL) 4th,4th,LAND - ALL - (PC-Fightcade),,Yippee!,@YippeethePerson,Youen
LAND (ALL) 5th-1,5th-1,LAND - ALL - (PC-Fightcade),,Sludgetoxin,,Rounshinshi
LAND (ALL) 5th-2,5th-2,LAND - ALL - (PC-Fightcade),,Eightman,,Soumei
LAND (ALL) 7th-1,7th-1,LAND - ALL - (PC-Fightcade),,kaiten619,@kaiten619,Hiryu
LAND (ALL) 7th-2,7th-2,LAND - ALL - (PC-Fightcade),,Squeakbeast,,Kouko
MBAACC (LAN) 1st,1st,MBAACC - LAN - (PC-Caster),,Alchemist of Atlas,,F-Seifuku
MBAACC (LAN) 2nd,2nd,MBAACC - LAN - (PC-Caster),,Pala,@SmashingPala,C-Satsuki
MBAACC (LAN) 3rd,3rd,MBAACC - LAN - (PC-Caster),MLN,Heavy,,C-V.Akiha
MBAACC (LAN) 4th,4th,MBAACC - LAN - (PC-Caster),,Zuftry,,H-W.Len
MBAACC (LAN) 5th-1,5th-1,MBAACC - LAN - (PC-Caster),,Riv_Lv,,C-Ryougi
MBAACC (LAN) 5th-2,5th-2,MBAACC - LAN - (PC-Caster),MLN,Keitoless,,F-Miyako
MBAACC (LAN) 7th-1,7th-1,MBAACC - LAN - (PC-Caster),MLN,LagnaJakulei,,F-Aoko
MBAACC (LAN) 7th-2,7th-2,MBAACC - LAN - (PC-Caster),,RainbowCatcherBM,,C-Nero
MBAACC (NA) 1st,1st,MBAACC - NA - (PC-Caster),,Skeleton,@inputreader,F-Kouma
MBAACC (NA) 2nd,2nd,MBAACC - NA - (PC-Caster),,Klinsytatari,@klinsytatari,H-V.Sion
MBAACC (NA) 3rd,3rd,MBAACC - NA - (PC-Caster),HitBox,Mavi,@Mavi_CX,H-Hime
MBAACC (NA) 4th,4th,MBAACC - NA - (PC-Caster),,MasterIcarus7,@MasterIcarus7,F-Aoko
MBAACC (NA) 5th-1,5th-1,MBAACC - NA - (PC-Caster),SNAIL,ViviMayoi,@WatchMonogatari,F-Aoko
MBAACC (NA) 5th-2,5th-2,MBAACC - NA - (PC-Caster),,Canyon,@canyon_gaming_,H-Riesbyfe
MBAACC (NA) 7th-1,7th-1,MBAACC - NA - (PC-Caster),,Defiant,@Defiant_def,F-W.Arc
MBAACC (NA) 7th-2,7th-2,MBAACC - NA - (PC-Caster),GREG,Stafy,@Enormivus,H-Len
MBAACC (SEA) 1st,1st,MBAACC - SEA - (PC-Caster),,Division,,H-Hime
MBAACC (SEA) 2nd,2nd,MBAACC - SEA - (PC-Caster),,Sencer_,@SencerAr_,C-Sion
MBAACC (SEA) 3rd,3rd,MBAACC - SEA - (PC-Caster),,Asher,@Ash3r96,F-Aoko
MBAACC (SEA) 4th,4th,MBAACC - SEA - (PC-Caster),,Ceekos,@ceekos_hftf,C-Roa
MBAACC (SEA) 5th-1,5th-1,MBAACC - SEA - (PC-Caster),,Qolboqan,@Qolboqan,H-Nanaya
MBAACC (SEA) 5th-2,5th-2,MBAACC - SEA - (PC-Caster),,doot,@doot_eternal,C-Arc
MBAACC (SEA) 7th-1,7th-1,MBAACC - SEA - (PC-Caster),,M-AS,@MatthewRobo,F-Hime
MBAACC (SEA) 7th-2,7th-2,MBAACC - SEA - (PC-Caster),,erli,@oooooboe,F-PCiel
MBON (NA) 1st,1st,MBON - NA - (PS4),,Evangelistof_MOE,,Marasai & Gabthley
MBON (NA) 1st,1st,MBON - NA - (PS4),,Panjaii,,Sinanju
MBON (NA) 2nd,2nd,MBON - NA - (PS4),,Araway,@Araway_umu,Destiny Gundam (3000 cost)
MBON (NA) 2nd,2nd,MBON - NA - (PS4),,Miuna,,Dynames
MBON (NA) 3rd,3rd,MBON - NA - (PS4),,Zahlzeit,@zahlzeit_en,Montero
MBON (NA) 3rd,3rd,MBON - NA - (PS4),,Sumeragi_Kujo,@SumeragiKujo,Epyon
MBON (NA) 4th,4th,MBON - NA - (PS4),,breakerprime,,Destiny Gundam (3000 cost)
MBON (NA) 4th,4th,MBON - NA - (PS4),,PureSteve,@PuresteveFGC,Qubeley (2500 cost)
MBON (NA) 5th-1,5th-1,MBON - NA - (PS4),,GShadow007,@gshadow007,Crossbone X-1 (2500 cost)
MBON (NA) 5th-1,5th-1,MBON - NA - (PS4),,TAV102,@gaming_tav,Zabanya
MBON (NA) 5th-2,5th-2,MBON - NA - (PS4),,lemons that refrain,,GP-03
MBON (NA) 5th-2,5th-2,MBON - NA - (PS4),,TheBootyChief,,Full Armor Unicorn (green Unicorn)
MBON (NA) 7th-1,7th-1,MBON - NA - (PS4),,Mahouko,@Mahouko,Strike Gundam (2000 cost)
MBON (NA) 7th-1,7th-1,MBON - NA - (PS4),,Jbel,@JacobBelanger3,God Gundam/Burning Gundam (different names for same suit)
MBTL (SA/SUD) 1st,1st,MBTL - SA/SUD - (PC-Steam),G9,Haya,@HayaSugar,Red Arcueid
MBTL (SA/SUD) 2nd,2nd,MBTL - SA/SUD - (PC-Steam),DYBB | SSA,Nanyako,@Nanyako3,Roa
MBTL (SA/SUD) 3rd,3rd,MBTL - SA/SUD - (PC-Steam),,Juaking,@LotteBestWitch,Hisui
MBTL (SA/SUD) 4th,4th,MBTL - SA/SUD - (PC-Steam),,Ajosac96,@AaronSa13735058,Hisui
MBTL (SA/SUD) 5th-1,5th-1,MBTL - SA/SUD - (PC-Steam),TEW,Mr Panda,@MrPannda,Red Arcueid
MBTL (SA/SUD) 5th-2,5th-2,MBTL - SA/SUD - (PC-Steam),ZG,Kiwami,@ZGKiwami,PCiel
MBTL (SA/SUD) 7th-1,7th-1,MBTL - SA/SUD - (PC-Steam),TEW | !EFZ,Donnie,@swift_donnie,Ciel
MBTL (SA/SUD) 7th-2,7th-2,MBTL - SA/SUD - (PC-Steam),,Pascut,@LoofPascut,Miyako
NASB (NA) 1st,1st,NASB - NA - (PC-Steam),Tafaars Friend,Pugx,@pugx_0,Nigel Thornberry
NASB (NA) 2nd,2nd,NASB - NA - (PC-Steam),,Tudle,@ItsNotToodle,Reptar
NASB (NA) 3rd,3rd,NASB - NA - (PC-Steam),,as4p,@as4pu,Aang
NASB (NA) 4th,4th,NASB - NA - (PC-Steam),,Grey-C,@thatgirlgreyc,Shredder 
NASB (NA) 5th-1,5th-1,NASB - NA - (PC-Steam),,Flint,@GsFlint,Toph
NASB (NA) 5th-2,5th-2,NASB - NA - (PC-Steam),,TheFatManatee,@nate_pingel,Nigel Thornberry
NASB (NA) 7th-1,7th-1,NASB - NA - (PC-Steam),,Skuttie,@SkuttieG,Reptar
NASB (NA) 7th-2,7th-2,NASB - NA - (PC-Steam),,DoTheFig,@dothefig,Helga
PRBFTG (NA+EU+LAN) 1st,1st,PRBFTG - NA+EU+LAN - (PC-Steam),CRS,Chimera,@FeaRChimera ,"RJ / Zedd /Trini, All Color 2, Zord: SPD"
PRBFTG (NA+EU+LAN) 2nd,2nd,PRBFTG - NA+EU+LAN - (PC-Steam),,Whitewolf_Zago,@Whitewolf_Zago,"Drakkon (Evo Color 2) / Udonna (Color 2 /, Jen (Color 2) Zord: Mega Goldar"
PRBFTG (NA+EU+LAN) 3rd,3rd,PRBFTG - NA+EU+LAN - (PC-Steam),,Rizu75,@Rizu7501,"Poisandra / Chun-Li / Scorpina, All Color 1, Zord: SPD"
PRBFTG (NA+EU+LAN) 4th,4th,PRBFTG - NA+EU+LAN - (PC-Steam),CRS,MegaIsaac X,@MegaIsaacX,"Tommy / Jason / Drakkon, All Color 1, Zord: Dragonzord"
PRBFTG (NA+EU+LAN) 5th-1,5th-1,PRBFTG - NA+EU+LAN - (PC-Steam),,Rave-Kun,@RaveKun_,"All Random Select, Zord: Samuraizord"
PRBFTG (NA+EU+LAN) 5th-2,5th-2,PRBFTG - NA+EU+LAN - (PC-Steam),,boombot,@probsandprobs,Adam (Color 1)/  Eric (Color 2)/ Gia (Color 2) Zord: Dinozord
PRBFTG (NA+EU+LAN) 7th-1,7th-1,PRBFTG - NA+EU+LAN - (PC-Steam),,Corsa,@CorsaCode,"Gia / Jason / Jen, All Color 1, Zord: Dinozord"
PRBFTG (NA+EU+LAN) 7th-2,7th-2,PRBFTG - NA+EU+LAN - (PC-Steam),CRS,omega_black,@omega_blackFGC,"Random Select / Random Select / Trini (Color 2), Zord: Gravezord"
RE (ALL) 1st,1st,RE - ALL - (PC-Fightcade),,HB Production,@HB_Production,Leo
RE (ALL) 2nd,2nd,RE - ALL - (PC-Fightcade),TGC,MelvinIsANiceBoy,@MelvinIsANiceB1,Mai Ling
RE (ALL) 3rd,3rd,RE - ALL - (PC-Fightcade),,GhostShroom,@ghost_shroom,Tessa
RE (ALL) 4th,4th,RE - ALL - (PC-Fightcade),,Hokuto,@FlyingBarcelona,Mai Ling
RE (ALL) 5th-1,5th-1,RE - ALL - (PC-Fightcade),,Attitude Indicator,@attitudeindicat,Leo
RE (ALL) 5th-2,5th-2,RE - ALL - (PC-Fightcade),,Product Of Fire,@JustSomeSmoke,Kenji
RE (ALL) 7th-1,7th-1,RE - ALL - (PC-Fightcade),,GrayKnight-L,,Leo
RE (ALL) 7th-2,7th-2,RE - ALL - (PC-Fightcade),,AnotherNoob,,Mai Ling
SG (SA/SUD) 1st,1st,SG - SA/SUD - (PC-Steam),,Merah,@merahreedd,Peacock Big Band Double
SG (SA/SUD) 2nd,2nd,SG - SA/SUD - (PC-Steam),,Luminam,@LuminamSg,Parasoul
SG (SA/SUD) 3rd,3rd,SG - SA/SUD - (PC-Steam),,LAPULGA,@IIILaPulgaIII,Beowulf Big Band
SG (SA/SUD) 4th,4th,SG - SA/SUD - (PC-Steam),,Valencia,@ValenciaDn3,Peacock Double Big Band
SG (SA/SUD) 5th-1,5th-1,SG - SA/SUD - (PC-Steam),,Bandana,@bandanabluee,Black Dahlia Fukua Annie
SG (SA/SUD) 5th-2,5th-2,SG - SA/SUD - (PC-Steam),,Abuelo Mac,@SexyAbueloMac69,Big Band
SG (SA/SUD) 7th-1,7th-1,SG - SA/SUD - (PC-Steam),,Frisk808,@Frisk8081,Big Band
SG (SA/SUD) 7th-2,7th-2,SG - SA/SUD - (PC-Steam),,jm_00,@jm_0024,Parasoul Painwheel Squigly
SOKU (OCE) 1st,1st,SOKU - OCE - (PC-Caster),,_Kookie,,Yuyuko
SOKU (OCE) 2nd,2nd,SOKU - OCE - (PC-Caster),,Lance,,Sakuya
SOKU (OCE) 3rd,3rd,SOKU - OCE - (PC-Caster),,knightwau,@meirinbestwaifu,Meirin
SOKU (OCE) 4th,4th,SOKU - OCE - (PC-Caster),,$tooge,@TheStooge97,Komachi
SOKU (OCE) 5th-1,5th-1,SOKU - OCE - (PC-Caster),,kat,,Reimu
SOKU (OCE) 5th-2,5th-2,SOKU - OCE - (PC-Caster),,butthole.store,@Colin45125616,Reimu
SOKU (OCE) 7th-1,7th-1,SOKU - OCE - (PC-Caster),,shamo,,Meirin
SOKU (OCE) 7th-2,7th-2,SOKU - OCE - (PC-Caster),,Zedi,@TheZediWonder,Cirno
SSVI (NA) 1st,1st,SSVI - NA - (PC-Fightcade),,Wedge,@Cmndr_Antilles,Iroha
SSVI (NA) 2nd,2nd,SSVI - NA - (PC-Fightcade),,DrDewberry,@DrDewberry,Zankuro
SSVI (NA) 3rd,3rd,SSVI - NA - (PC-Fightcade),,MooMaster,@MooMasterFHD,Cham Cham
SSVI (NA) 4th,4th,SSVI - NA - (PC-Fightcade),,MCMN,@MCM931,Nakoruru
SSVI (NA) 5th-1,5th-1,SSVI - NA - (PC-Fightcade),,Deka Fumo Death Cult,@DekaFumoSlayer,Haohmaru
SSVI (NA) 5th-2,5th-2,SSVI - NA - (PC-Fightcade),Hit Box,Mavi,@Mavi_CX,Ukyo
SSVI (NA) 7th-1,7th-1,SSVI - NA - (PC-Fightcade),PAG,Vicki Viper,DarkForceVicki,Rasetsumaru
SSVI (NA) 7th-2,7th-2,SSVI - NA - (PC-Fightcade),,DepressoEspresso,@CaffeinatedPen4,Basara
TF (NA) 1st,1st,TF - NA - (PC-Fightcade),,Derpey Kong,,Kaeruman
TF (NA) 2nd,2nd,TF - NA - (PC-Fightcade),,Ratttz,@RatttzMessd,Cymbals
TF (NA) 3rd,3rd,TF - NA - (PC-Fightcade),,NotLexi,,Hero/Roux/Mifune
TF (NA) 4th,4th,TF - NA - (PC-Fightcade),,ItsJustChrisNow,,Mifune
TF (NA) 5th-1,5th-1,TF - NA - (PC-Fightcade),RIZE,GriffyBones,@GriffyBones,Kaeruman
TF (NA) 5th-2,5th-2,TF - NA - (PC-Fightcade),,YFDHippo,@YFDHippo,Cymbals
TF (NA) 7th-1,7th-1,TF - NA - (PC-Fightcade),,SleepSheep,@SleepSheepie,Cymbals
TF (NA) 7th-2,7th-2,TF - NA - (PC-Fightcade),,HotDogBongWater420,@HotDogBong420,Mifune/Nejibird/Vitamin
UGF (SA/BR) 1st,1st,UGF - SA/BR - (PC-Steam),,Zanaylo,@PrimoZanaylo,Dlanor/Bernkastel
UGF (SA/BR) 2nd,2nd,UGF - SA/BR - (PC-Steam),,Henriquecz,@HZanarella,Eva Beatrice/Bernkastel
UGF (SA/BR) 3rd,3rd,UGF - SA/BR - (PC-Steam),,Knox,@ggsknox,Erika/Dlanor
UGF (SA/BR) 4th,4th,UGF - SA/BR - (PC-Steam),,Davyll,@Davyll_,Lambdadelta/Willard
UGF (SA/BR) 5th-1,5th-1,UGF - SA/BR - (PC-Steam),,Puddin,@LordPudin,Dlanor/Bernkastel
UGF (SA/BR) 5th-2,5th-2,UGF - SA/BR - (PC-Steam),,Pescador Cearense,@PescadorCearens,Battler/Beatrice
UGF (SA/BR) 7th-1,7th-1,UGF - SA/BR - (PC-Steam),,Sudano,@SudanoJogos,Jessica/Rosa
UGF (SA/BR) 7th-2,7th-2,UGF - SA/BR - (PC-Steam),,Sark,@SufferingKaori,Ronove/Jessica
UNICLR (SA/CH) 1st,1st,UNICLR - SA/CH - (PC-Steam),djb,Yuuno,@Yuunofg,Akatsuki
UNICLR (SA/CH) 2nd,2nd,UNICLR - SA/CH - (PC-Steam),G9,BRIAN_KYO,@brian_kyo,Chaos
UNICLR (SA/CH) 3rd,3rd,UNICLR - SA/CH - (PC-Steam),,Frostedd,@Frosteddasd,Eltnum
UNICLR (SA/CH) 4th,4th,UNICLR - SA/CH - (PC-Steam),,Beffen,@BeffenM,Yuzuriha
UNICLR (SA/CH) 5th-1,5th-1,UNICLR - SA/CH - (PC-Steam),AQP,KillerHUD,@killerHUD,Linne
UNICLR (SA/CH) 5th-2,5th-2,UNICLR - SA/CH - (PC-Steam),DYBB,Nanyako,,Linne
UNICLR (SA/CH) 7th-1,7th-1,UNICLR - SA/CH - (PC-Steam),,yawn,@increasesoup,Merkava
UNICLR (SA/CH) 7th-2,7th-2,UNICLR - SA/CH - (PC-Steam),,Gol D Experience45,@GoldEpx45,Gordeau
VSAV (NA) 1st,1st,VSAV - NA - (PC-Fightcade),PAG,VickiViper,@darkforcevicki,Zabel
VSAV (NA) 2nd,2nd,VSAV - NA - (PC-Fightcade),VMP ZSPORTS,MiniMaww,@minimaww,Gallon
VSAV (NA) 3rd,3rd,VSAV - NA - (PC-Fightcade),,Wavyammar,@wavyamar,Felicia
VSAV (NA) 4th,4th,VSAV - NA - (PC-Fightcade),,Miller2B,,Rikuo/Aulbath
VSAV (NA) 5th-1,5th-1,VSAV - NA - (PC-Fightcade),,Moebius,@moebiusqbee,Q-Bee
VSAV (NA) 5th-2,5th-2,VSAV - NA - (PC-Fightcade),,La Rosa,@larosafgc,Demitri
VSAV (NA) 7th-1,7th-1,VSAV - NA - (PC-Fightcade),VMP,Actionhank,@vmpactionhank,Rikuo/Aulbath
VSAV (NA) 7th-2,7th-2,VSAV - NA - (PC-Fightcade),,DaiAndOh,@DaiAndOh1,Rikuo/Aulbath
ROAW (ALL) 1st,1st,ROAW - ALL - (PC-Steam),BLW,Dakota,@2004CivicSedan,Torga
ROAW (ALL) 2nd,2nd,ROAW - ALL - (PC-Steam),TKS,Landkon2,@Landkon22,Donyoku
ROAW (ALL) 3rd,3rd,ROAW - ALL - (PC-Steam),alt,Seggo,@SeggoAhmet,Madeline
ROAW (ALL) 4th,4th,ROAW - ALL - (PC-Steam),BLW,JM1-3,@Jm1llions,Yuuto
ROAW (ALL) 5th-1,5th-1,ROAW - ALL - (PC-Steam),SQUAWK!,Biobirb,@Biobirb,Bluey
ROAW (ALL) 5th-2,5th-2,ROAW - ALL - (PC-Steam),TKS,Ambi,@theoneandambi,Lode & Puul
ROAW (ALL) 7th-1,7th-1,ROAW - ALL - (PC-Steam),,Nori,@Noriwrap7,Harold
ROAW (ALL) 7th-2,7th-2,ROAW - ALL - (PC-Steam),FTL,Lesstime,@LessTime10,Bluey
AC (ALL) 1st,1st,AC - ALL - (PC-Fightcade),,YuriBestGirl,,Claus
AC (ALL) 2nd,2nd,AC - ALL - (PC-Fightcade),SNAIL,ViviMayoi,@ViviMayoi,Drew
AC (ALL) 3rd,3rd,AC - ALL - (PC-Fightcade),,It's Valen,@GuySpanglish,Melanie
AC (ALL) 4th,4th,AC - ALL - (PC-Fightcade),,CherryPixelBun,@CherryPixelBun,Fang
AC (ALL) 5th-1,5th-1,AC - ALL - (PC-Fightcade),,YFDHippo,,Drew
AC (ALL) 5th-2,5th-2,AC - ALL - (PC-Fightcade),,theadictt,,Fang
AC (ALL) 7th-1,7th-1,AC - ALL - (PC-Fightcade),,Neojumjelly,@neojumjelly,Melanie
AC (ALL) 7th-2,7th-2,AC - ALL - (PC-Fightcade),,Sinistar,@TeamSinistar,Fang
Asuka120 (EU+NA/EC) 1st,1st,Asuka120 - EU+NA/EC - (PC),,Narr,@gunstargum,Torami
Asuka120 (EU+NA/EC) 2nd,2nd,Asuka120 - EU+NA/EC - (PC),,Vick,@TheSailorVick,Kumi
Asuka120 (EU+NA/EC) 3rd,3rd,Asuka120 - EU+NA/EC - (PC),,Fade,@fadean8,Kumi
Asuka120 (EU+NA/EC) 4th,4th,Asuka120 - EU+NA/EC - (PC),CFQCS,Likiminaj,@LikimiGautier,Genichirou
Asuka120 (EU+NA/EC) 5th-1,5th-1,Asuka120 - EU+NA/EC - (PC),,Skytanks,@jyagley,Cathy
Asuka120 (EU+NA/EC) 5th-2,5th-2,Asuka120 - EU+NA/EC - (PC),FGM,SonofTzeentch9,@SonofTzeentch9,Megumi
Asuka120 (EU+NA/EC) 7th-1,7th-1,Asuka120 - EU+NA/EC - (PC),,creamyjeremy,,Kumi
Asuka120 (EU+NA/EC) 7th-2,7th-2,Asuka120 - EU+NA/EC - (PC),,TacoWaffle,@xTacoWafflex,Karina
BBCF (JP) 1st,1st,BBCF - JP - (PC-Steam),,momiji,@momigi4423,plutinum
BBCF (JP) 2nd,2nd,BBCF - JP - (PC-Steam),,hikomaru,@bbcf_hikomaru,kagura
BBCF (JP) 3rd,3rd,BBCF - JP - (PC-Steam),,zero.,@Dcp_HR7,hakumen
BBCF (JP) 4th,4th,BBCF - JP - (PC-Steam),,tetsu,@tetsurk,ragna
BBCF (JP) 5th-1,5th-1,BBCF - JP - (PC-Steam),,Hiro,@Hiro_970610,naoto
BBCF (JP) 5th-2,5th-2,BBCF - JP - (PC-Steam),,Suzuran,@416_suzuran,susanoo
BBCF (JP) 7th-1,7th-1,BBCF - JP - (PC-Steam),,chiken,@chicken777tori,arakune
BBCF (JP) 7th-2,7th-2,BBCF - JP - (PC-Steam),,Gokukeshi,@gokukeshi ,amane
BBCF (LAN) 1st,1st,BBCF - LAN - (PC-Steam),,LordMacoT,,Kokonoe
BBCF (LAN) 2nd,2nd,BBCF - LAN - (PC-Steam),,Roo,,Naoto
BBCF (LAN) 3rd,3rd,BBCF - LAN - (PC-Steam),,ShoWiCha,,Ragna
BBCF (LAN) 4th,4th,BBCF - LAN - (PC-Steam),,Danki,,Mai
BBCF (LAN) 5th-1,5th-1,BBCF - LAN - (PC-Steam),,Sheldon Sempai,@Sheldon_Sempai,Hazama
BBCF (LAN) 5th-2,5th-2,BBCF - LAN - (PC-Steam),,Naoptune,@TheCooler3rdNPC,Naoto
BBCF (LAN) 7th-1,7th-1,BBCF - LAN - (PC-Steam),,crimson.shanoa,,Relius
BBCF (LAN) 7th-2,7th-2,BBCF - LAN - (PC-Steam),,Dave,,Azrael
BBCF (OCE) 1st,1st,BBCF - OCE - (PC-Steam),,Animap,,Nu-13
BBCF (OCE) 2nd,2nd,BBCF - OCE - (PC-Steam),,TheLagWizard,,Mu-12
BBCF (OCE) 3rd,3rd,BBCF - OCE - (PC-Steam),,Aether,@Aethereir,Es
BBCF (OCE) 4th,4th,BBCF - OCE - (PC-Steam),,hdr,,Arakune
BBCF (OCE) 5th-1,5th-1,BBCF - OCE - (PC-Steam),,jeese,@realasfjeese,Celica
BBCF (OCE) 5th-2,5th-2,BBCF - OCE - (PC-Steam),,AwakenedBeing,,Nu
BBCF (OCE) 7th-1,7th-1,BBCF - OCE - (PC-Steam),,Life,,Jin
BBCF (OCE) 7th-2,7th-2,BBCF - OCE - (PC-Steam),,kargo,@Kargo_06,Kagura
BBCF (SA/SUD) 1st,1st,BBCF - SA/SUD - (PC-Steam),SSA,[Leo]Epsilon.01,@LeoGsAlpha,Litchi Faye Ling
BBCF (SA/SUD) 2nd,2nd,BBCF - SA/SUD - (PC-Steam),2fOH,BLOOM,@yaboibloom,Bullet
BBCF (SA/SUD) 3rd,3rd,BBCF - SA/SUD - (PC-Steam),ARACNE,VermiCL,@VermiCL,Izanami
BBCF (SA/SUD) 4th,4th,BBCF - SA/SUD - (PC-Steam),KYU,iLusioNz,@iLusionz__V,"Valkenhayn R. Hellsing, Azrael"
BBCF (SA/SUD) 5th-1,5th-1,BBCF - SA/SUD - (PC-Steam),TEW,Matriaxx85,@Matriaxx85,Bang Shishigami
BBCF (SA/SUD) 5th-2,5th-2,BBCF - SA/SUD - (PC-Steam),ZG,Kiwami,@ZGKiwami,Es
BBCF (SA/SUD) 7th-1,7th-1,BBCF - SA/SUD - (PC-Steam),,Byakuya,,"Jin, Terumi"
BBCF (SA/SUD) 7th-2,7th-2,BBCF - SA/SUD - (PC-Steam),JF,Davidxp,@DavidxpFGC,Arakune
BBTAG (NA) 1st,1st,BBTAG - NA - (PS4),,Chopsuey,@chopsuey341,Izayoi/Chie
BBTAG (NA) 2nd,2nd,BBTAG - NA - (PS4),WNF,Mastrcheap,@mastrcheap,Ragna/Mika
BBTAG (NA) 3rd,3rd,BBTAG - NA - (PS4),,MonkeySmile,@MonkeyTX_,Susanoo/Gordeau
BBTAG (NA) 4th,4th,BBTAG - NA - (PS4),,Megakin,@Megakin_,Chie/Elizabeth 
BBTAG (NA) 5th-1,5th-1,BBTAG - NA - (PS4),,FourSwordKirby,@FourSwordKirby,Tager/Yukiko
BBTAG (NA) 5th-2,5th-2,BBTAG - NA - (PS4),MM,MysterRacer,@RacerXXI,Celica/Naoto
BBTAG (NA) 7th-1,7th-1,BBTAG - NA - (PS4),MM,Caderade,@Caderade241,Seth/Hyde
BBTAG (NA) 7th-2,7th-2,BBTAG - NA - (PS4),SCE,DetectiveCrow,@Detectivecrow_,Ragna/Adachi
BBTAG (SEA) 1st,1st,BBTAG - SEA - (PC-Steam),,Asher,Ash3r96,Yang/Ruby
BBTAG (SEA) 2nd,2nd,BBTAG - SEA - (PC-Steam),,WHH,@WHH_398,Jubei/Hakumen
BBTAG (SEA) 3rd,3rd,BBTAG - SEA - (PC-Steam),ADSEA,VGD,,Tager/Waldstein
BBTAG (SEA) 4th,4th,BBTAG - SEA - (PC-Steam),,KujikawaLunasa,@FujiwaraLunasa,Linne/Vatista
BBTAG (SEA) 5th-1,5th-1,BBTAG - SEA - (PC-Steam),,Pandora,@DheaAnggaraeni,Noel/Jin
BBTAG (SEA) 5th-2,5th-2,BBTAG - SEA - (PC-Steam),,krater123,@krater9214,Orie/Elizabeth
BBTAG (SEA) 7th-1,7th-1,BBTAG - SEA - (PC-Steam),,Fusougod,@Emitsunechika,Hyde/Hilda
BBTAG (SEA) 7th-2,7th-2,BBTAG - SEA - (PC-Steam),,VentoArgento,@VentoArgento_,Rachel/Vatista
DBFZ (OCE) 1st,1st,DBFZ - OCE - (PC-Steam),Dusk,Novix,@Novix_AU,Android 21 Labcoat / Base Vegeta / Janemba
DBFZ (OCE) 2nd,2nd,DBFZ - OCE - (PC-Steam),,CugeltheClever1,@EstoEsElFin12,Gogeta SSJ4 / Vegito / Android 21 Labcoat
DBFZ (OCE) 3rd,3rd,DBFZ - OCE - (PC-Steam),SSC,gohankun,@gohankundbfz,Trunks / Roshi / DBSuper Broly
DBFZ (OCE) 4th,4th,DBFZ - OCE - (PC-Steam),,Nolbie,@Nolbiee,Frieza / Android 18 / Android 21 Labcoat
DBFZ (OCE) 5th-1,5th-1,DBFZ - OCE - (PC-Steam),,MantisTabogg,@MantisTabogg,Yamcha / Nappa / Baby
DBFZ (OCE) 5th-2,5th-2,DBFZ - OCE - (PC-Steam),,Nafin,,SSGSS Gogeta / Android 18 / Janemba
DBFZ (OCE) 7th-1,7th-1,DBFZ - OCE - (PC-Steam),,Cheekimelon,@Cheekimelon,SSJ4 Gogeta / Piccolo / Cooler
DBFZ (OCE) 7th-2,7th-2,DBFZ - OCE - (PC-Steam),,Typhoonasaurus,,SSGSS Goku / SSJ Goku / Piccolo
DKG (NA+SA) 1st,1st,DKG - NA+SA - (PC-Fightcade),,ogcornflakes,@wackboicorn,Gekkou
DKG (NA+SA) 2nd,2nd,DKG - NA+SA - (PC-Fightcade),,MooMaster,@MooMasterFHD,Wulong
DKG (NA+SA) 3rd,3rd,DKG - NA+SA - (PC-Fightcade),,Mibeador,@Mibeador,Azteca
DKG (NA+SA) 4th,4th,DKG - NA+SA - (PC-Fightcade),,Max'D Out,@MaxDOutEX,Liza
DKG (NA+SA) 5th-1,5th-1,DKG - NA+SA - (PC-Fightcade),,Wedge,@Cmndr_Antilles,Gekkou
DKG (NA+SA) 5th-2,5th-2,DKG - NA+SA - (PC-Fightcade),,Nintender,@Nintender247,Gonzales
DKG (NA+SA) 7th-1,7th-1,DKG - NA+SA - (PC-Fightcade),,SouperAaron,,Gonzales
DKG (NA+SA) 7th-2,7th-2,DKG - NA+SA - (PC-Fightcade),,theadictt,,Gonzales
DOA5LR (JP) 1st,1st,DOA5LR - JP - (PS4),,輝Rock,,
DOA5LR (JP) 2nd,2nd,DOA5LR - JP - (PS4),,ＡＫＡ,,
DOA5LR (JP) 3rd,3rd,DOA5LR - JP - (PS4),,ひら,,
DOA5LR (JP) 4th,4th,DOA5LR - JP - (PS4),,メロンゼリー,,
DOA5LR (JP) 5th-1,5th-1,DOA5LR - JP - (PS4),,ウンガー,,
DOA5LR (JP) 5th-2,5th-2,DOA5LR - JP - (PS4),,モスグリーン,,
DOA5LR (JP) 7th-1,7th-1,DOA5LR - JP - (PS4),,宮鹿,,
DOA5LR (JP) 7th-2,7th-2,DOA5LR - JP - (PS4),,犬番長,,
EFZ (NA+EU) 1st,1st,EFZ - NA+EU - (PC-Caster),,WHITELEN,,Sayuri
EFZ (NA+EU) 2nd,2nd,EFZ - NA+EU - (PC-Caster),,GordianBot,,Mai
EFZ (NA+EU) 3rd,3rd,EFZ - NA+EU - (PC-Caster),,Stafy,,Nayuki
EFZ (NA+EU) 4th,4th,EFZ - NA+EU - (PC-Caster),,Guruslum,,Mio
EFZ (NA+EU) 5th-1,5th-1,EFZ - NA+EU - (PC-Caster),,Duse,,Mishio
EFZ (NA+EU) 5th-2,5th-2,EFZ - NA+EU - (PC-Caster),,NUDELMOB,,Nayuki
EFZ (NA+EU) 7th-1,7th-1,EFZ - NA+EU - (PC-Caster),,Beckyssssss,,Kaori
EFZ (NA+EU) 7th-2,7th-2,EFZ - NA+EU - (PC-Caster),,Bookoo,,Makoto
FOA (NA+EU) 1st,1st,FOA - NA+EU - (PC-Steam),S-Men,ChairGTables,@ChairGTables,
FOA (NA+EU) 2nd,2nd,FOA - NA+EU - (PC-Steam),,Lem,@Lem___________,
FOA (NA+EU) 3rd,3rd,FOA - NA+EU - (PC-Steam),,YFDHippo,@YFDHippo,
FOA (NA+EU) 4th,4th,FOA - NA+EU - (PC-Steam),S-Men,Hazuki,,
FOA (NA+EU) 5th-1,5th-1,FOA - NA+EU - (PC-Steam),CVLY,Mute,@mutedoesathing,
GGACPR (SA/BR) 1st,1st,GGACPR - SA/BR - (PC-Steam),,Rymaru,@RymaruMaster,Slayer
GGACPR (SA/BR) 2nd,2nd,GGACPR - SA/BR - (PC-Steam),VAL,Giogio,@MurioMelee,Baiken
GGACPR (SA/BR) 3rd,3rd,GGACPR - SA/BR - (PC-Steam),PANELA,Nikki,@nikki_slash,Eddie
GGACPR (SA/BR) 4th,4th,GGACPR - SA/BR - (PC-Steam),UA,Receita Federal,@MillerRobert1,Faust
GGACPR (SA/BR) 5th-1,5th-1,GGACPR - SA/BR - (PC-Steam),,Eshi,,Millia
GGACPR (SA/BR) 5th-2,5th-2,GGACPR - SA/BR - (PC-Steam),,Kaidu,@YutanpoSky,A.B.A
GGACPR (SA/BR) 7th-1,7th-1,GGACPR - SA/BR - (PC-Steam),,Eridoido,,I-no
GGACPR (SA/BR) 7th-2,7th-2,GGACPR - SA/BR - (PC-Steam),,Lunatic,,Chipp
PPC (ALL) 1st,1st,PPC - ALL - (PC-Steam),,Void,@VoidPH7,
PPC (ALL) 2nd,2nd,PPC - ALL - (PC-Steam),, Hélio,@HelioTakahashi0,
PPC (ALL) 3rd,3rd,PPC - ALL - (PC-Steam),,DdR_Dan,@Regenned,
PPC (ALL) 4th,4th,PPC - ALL - (PC-Steam),,kzN,,
PPC (ALL) 5th-1,5th-1,PPC - ALL - (PC-Steam),,Nori,@Noburimo,
PPC (ALL) 5th-2,5th-2,PPC - ALL - (PC-Steam),,OSW,@OSW920,
PPC (ALL) 7th-1,7th-1,PPC - ALL - (PC-Steam),,Hiku,@HikuPuyo,
PPC (ALL) 7th-2,7th-2,PPC - ALL - (PC-Steam),,Twin Blue,,
ROA (NA+LAN) 1st,1st,ROA - NA+LAN - (PC-Steam),VIBE SSG,CheesyPotato,,Kragg
ROA (NA+LAN) 2nd,2nd,ROA - NA+LAN - (PC-Steam),Charm,elkiies,@Knitzu,Kragg
ROA (NA+LAN) 3rd,3rd,ROA - NA+LAN - (PC-Steam),LITE,Vecho,@Vecho0,Forsburn
ROA (NA+LAN) 4th,4th,ROA - NA+LAN - (PC-Steam),,The Real Man,@TheRealMan95,Zetterburn
ROA (NA+LAN) 5th-1,5th-1,ROA - NA+LAN - (PC-Steam),,Menace13,@Menace_13,Hodan
ROA (NA+LAN) 5th-2,5th-2,ROA - NA+LAN - (PC-Steam),,Dokayo,@dokayo36,Ranno
ROA (NA+LAN) 7th-1,7th-1,ROA - NA+LAN - (PC-Steam),,Benji,@ImGoingBenanas,Maypul
ROA (NA+LAN) 7th-2,7th-2,ROA - NA+LAN - (PC-Steam),FYS|CRN,Sir Dewott,@SirDewottSSB,Ori & Sein
SG (OCE) 1st,1st,SG - OCE - (PC-Steam),,No Funny Name,@No_Funny_Name,Filia / Cerebella / Big Band
SG (OCE) 2nd,2nd,SG - OCE - (PC-Steam),,Drip,@Drip_NZ,Ms. Fortune / Double / Big Band
SG (OCE) 3rd,3rd,SG - OCE - (PC-Steam),,Pika_Bat,,Cerebella / Squigly / Big Band
SG (OCE) 4th,4th,SG - OCE - (PC-Steam),,bnuy,@trish_beast,Beowulf / Double / Big Band
SG (OCE) 5th-1,5th-1,SG - OCE - (PC-Steam),,Afince,@AfinceOCE,Double / Cerebella
SG (OCE) 5th-2,5th-2,SG - OCE - (PC-Steam),,Risky / CrazyDiamond,@risky_b_s,Valentine / Cerebella
SG (OCE) 7th-1,7th-1,SG - OCE - (PC-Steam),,Taylor,@taylornz_,Double / Big Band / Peacock
SG (OCE) 7th-2,7th-2,SG - OCE - (PC-Steam),,Azathoth / Yog-Sothoth,@Glhuun,Squigly
SOKU (JP+KR+SEA) 1st,1st,SOKU - JP+KR+SEA - (PC-Caster),,NANO-KTH,,Utsuho Reiuji (Okuu)
SOKU (JP+KR+SEA) 2nd,2nd,SOKU - JP+KR+SEA - (PC-Caster),,BIG BREWED #7886,,Komachi Onozuka
SOKU (JP+KR+SEA) 3rd,3rd,SOKU - JP+KR+SEA - (PC-Caster),,Erli,,Yukari Yakumo
SOKU (JP+KR+SEA) 4th,4th,SOKU - JP+KR+SEA - (PC-Caster),DTC,Tetora,@nuryadin_jason,Reimu Hakurei
SOKU (JP+KR+SEA) 5th-1,5th-1,SOKU - JP+KR+SEA - (PC-Caster),,Euanofthedead,,Yuyuko Saiyouji
SOKU (JP+KR+SEA) 5th-2,5th-2,SOKU - JP+KR+SEA - (PC-Caster),DTC,PrabuDojon,,Alice Margatroid
SPLAT3 (NA) 1st,1st,SPLAT3 - NA - (Switch),DB,Bliss,@bliss96_,
SPLAT3 (NA) 1st,1st,SPLAT3 - NA - (Switch),DB,Zero,@_Zeroto_,
SPLAT3 (NA) 1st,1st,SPLAT3 - NA - (Switch),DB,Jared,@_isjared_,
SPLAT3 (NA) 1st,1st,SPLAT3 - NA - (Switch),DB,Wally,@wallyspl3,
SPLAT3 (NA) 2nd,2nd,SPLAT3 - NA - (Switch),F*,Sunguraa,@sunguraa_,
SPLAT3 (NA) 2nd,2nd,SPLAT3 - NA - (Switch),F*,XRay,@XRay_m2h3,
SPLAT3 (NA) 2nd,2nd,SPLAT3 - NA - (Switch),F*,Reborn,@Reborn_NA,
SPLAT3 (NA) 2nd,2nd,SPLAT3 - NA - (Switch),F*,Saffra,@okaysaffra,
SS3 (ALL) 1st,1st,SS3 - ALL - (PC-Fightcade),,Bladetastic,@RealBladetastic,Bust Hanzo
SS3 (ALL) 2nd,2nd,SS3 - ALL - (PC-Fightcade),,LavaLevelLover,,Slash Shizumaru
SS3 (ALL) 3rd,3rd,SS3 - ALL - (PC-Fightcade),,Mcm,@MCM931,Slash Nakoruru
SS3 (ALL) 4th,4th,SS3 - ALL - (PC-Fightcade),,Ragnell345,@Ragnell345,Slash Haohmaru
SS3 (ALL) 5th-1,5th-1,SS3 - ALL - (PC-Fightcade),,Skuttie,@SkuttieG,Slash Nakoruru
SS3 (ALL) 5th-2,5th-2,SS3 - ALL - (PC-Fightcade),,waterdotjpeg,@waterdotjpeg,Bust Hanzo
SS3 (ALL) 7th-1,7th-1,SS3 - ALL - (PC-Fightcade),PAG,VickiViper,@DarkForceVicki,Slash Nakoruru
SS3 (ALL) 7th-2,7th-2,SS3 - ALL - (PC-Fightcade),,Shave Ice,@ShaveIce6969,Bust Haohmaru
SS7 (ALL) 1st,1st,SS7 - ALL - (Xbox Series),,ScrubSaibot,@ScrubSaibot,Baiken
SS7 (ALL) 2nd,2nd,SS7 - ALL - (Xbox Series),,Maki,@C3JulioMorales88,Jubei
SS7 (ALL) 3rd,3rd,SS7 - ALL - (Xbox Series),,CIPHER,@CIPHER_ZERO1,No Main - Multiple Characters Specialist
SS7 (ALL) 4th,4th,SS7 - ALL - (Xbox Series),,Healing Vision,,Amakusa
SS7 (ALL) 5th-1,5th-1,SS7 - ALL - (Xbox Series),,Sorrow,@X3Sorrow,Hibiki
SS7 (ALL) 5th-2,5th-2,SS7 - ALL - (Xbox Series),,Anton,@StephenAntonnn,Sogetsu
SS7 (ALL) 7th-1,7th-1,SS7 - ALL - (Xbox Series),DTN,Ghost the Trinity,@GHOST_EMPEROR,Ukyo
SS7 (ALL) 7th-2,7th-2,SS7 - ALL - (Xbox Series),,Schmoo,@TheSh1ning,Tam Tam
UNICLR (SA/BR) 1st,1st,UNICLR - SA/BR - (PC-Steam),,Hankino,@ranquinoo,Seth
UNICLR (SA/BR) 2nd,2nd,UNICLR - SA/BR - (PC-Steam),,Jaca,@jacawit,Vatista
UNICLR (SA/BR) 3rd,3rd,UNICLR - SA/BR - (PC-Steam),,Azura Lux,@Azura_Lux,Londrekia
UNICLR (SA/BR) 4th,4th,UNICLR - SA/BR - (PC-Steam),,Shueider,@ShueideRR,Wagner
UNICLR (SA/BR) 5th-1,5th-1,UNICLR - SA/BR - (PC-Steam),,Miidas,,Linne
UNICLR (SA/BR) 5th-2,5th-2,UNICLR - SA/BR - (PC-Steam),,Jinta,@porrajint4,Carmine
UNICLR (SA/BR) 7th-1,7th-1,UNICLR - SA/BR - (PC-Steam),,Macdoggo,,Vatista
UNICLR (SA/BR) 7th-2,7th-2,UNICLR - SA/BR - (PC-Steam),,Rogério.,@rogerioott0,Orie
BBCF (CN) 1st,1st,BBCF - CN - (PC-Steam),,LTAKHOTLAD,,Izanami
BBCF (CN) 2nd,2nd,BBCF - CN - (PC-Steam),,幽香,,Mai
BBCF (CN) 3rd,3rd,BBCF - CN - (PC-Steam),,夫人,,Es
BBCF (CN) 4th,4th,BBCF - CN - (PC-Steam),,一刀修羅,,Hazama
BBCF (CN) 5th-1,5th-1,BBCF - CN - (PC-Steam),,一个T T空了 把F A掉 这边一个马尔斯,,Jin
BBCF (CN) 5th-2,5th-2,BBCF - CN - (PC-Steam),,奈,,Azrael
BBCF (CN) 7th-1,7th-1,BBCF - CN - (PC-Steam),,奕？悟！,,Susano'o
BBCF (CN) 7th-2,7th-2,BBCF - CN - (PC-Steam),,屎坑大爆炸,,Kagura
BBCF (SA/BR) 1st,1st,BBCF - SA/BR - (PC-Steam),UA,Receita Federal,@MillerRobert1,Arakune
BBCF (SA/BR) 2nd,2nd,BBCF - SA/BR - (PC-Steam),,CCC,@CccIzanami,Izanami
BBCF (SA/BR) 3rd,3rd,BBCF - SA/BR - (PC-Steam),,Jaogetsu,@Jaogetsu,Nine
BBCF (SA/BR) 4th,4th,BBCF - SA/BR - (PC-Steam),,Acido,@Andreacguilherm,Izanami
BBCF (SA/BR) 5th-1,5th-1,BBCF - SA/BR - (PC-Steam),,Redhydra,@taxhavenbr,Azrael
BBCF (SA/BR) 5th-2,5th-2,BBCF - SA/BR - (PC-Steam),,Kingy,@KINGY_BB,Naoto
BBCF (SA/BR) 7th-1,7th-1,BBCF - SA/BR - (PC-Steam),,Musketeer,@0musketeer,Azrael
BBCF (SA/BR) 7th-2,7th-2,BBCF - SA/BR - (PC-Steam),,Denitsu,@LDenitsu,Bullet
DINO (ALL) 1st,1st,DINO - ALL - (PC-Fightcade),,PerfectOrange,@SpaceGhost246,Triceratops
DINO (ALL) 2nd,2nd,DINO - ALL - (PC-Fightcade),Puzzle Wednesday,Ratttz,@RatttzMessd,Stygimoloch
DINO (ALL) 2nd,2nd,DINO - ALL - (PC-Fightcade),,Mortiferum,,Pachycephalo
DINO (ALL) 3rd,3rd,DINO - ALL - (PC-Fightcade),,Spabobin,@Spabobin,Pachycephalo
DINO (ALL) 3rd,3rd,DINO - ALL - (PC-Fightcade),,crossmirage,@kineticharvest,Stygimoloch
DINO (ALL) 4th,4th,DINO - ALL - (PC-Fightcade),4,Skuttie,@SkuttieG,Pachycephalo
DINO (ALL) 4th,4th,DINO - ALL - (PC-Fightcade),QCS,ywy,@yowaikoi,Triceratops
DINO (ALL) 7th-2,7th-2,DINO - ALL - (PC-Fightcade),FaCe,ZelRose,@zeluderose,Barnie
DNFD (SEA) 1st,1st,DNFD - SEA - (PC-Steam),ADSEA,VGD,,Launcher/Crusader/Hitman/Grappler
DNFD (SEA) 2nd,2nd,DNFD - SEA - (PC-Steam),Azure Wyvern,Vrush,@AyyasyFiras,Crusader
DNFD (SEA) 3rd,3rd,DNFD - SEA - (PC-Steam),,Tohloop,@AndrewOYK,Troubleshooter/Vanguard
DNFD (SEA) 4th,4th,DNFD - SEA - (PC-Steam),, UrRequiem,,Vanguard
DNFD (SEA) 5th-1,5th-1,DNFD - SEA - (PC-Steam),,Blackred,@blackredJD,Ranger
DNFD (SEA) 5th-2,5th-2,DNFD - SEA - (PC-Steam),,Kaguya,@shuanathan,Lost Warrior
DNFD (SEA) 7th-1,7th-1,DNFD - SEA - (PC-Steam),,AlphaMJB,@AlphaMJB,Hitman/Troubleshooter
DNFD (SEA) 7th-2,7th-2,DNFD - SEA - (PC-Steam),,Micmic112,@micmic112,Dragon Knight
FEXL (ALL) 1st,1st,FEXL - ALL - (PC-Steam),,Disintegration,,"Shadow Geist, Hokuto"
FEXL (ALL) 2nd,2nd,FEXL - ALL - (PC-Steam),FLY,D'Nyc3,@DiNyc3st,Area
FEXL (ALL) 3rd,3rd,FEXL - ALL - (PC-Steam),,wavyammar,@wavyamar,Garuda
FEXL (ALL) 4th,4th,FEXL - ALL - (PC-Steam),,MikeZorD,,V.Rosso
FEXL (ALL) 5th-1,5th-1,FEXL - ALL - (PC-Steam),,Geki,@Geki_CP,"Skullo, Hokuto"
FEXL (ALL) 5th-2,5th-2,FEXL - ALL - (PC-Steam),,Arneezy,@arneezy619,Blair
FEXL (ALL) 7th-1,7th-1,FEXL - ALL - (PC-Steam),,MitchZesty,,Allen
FEXL (ALL) 7th-2,7th-2,FEXL - ALL - (PC-Steam),,Xurkey,@Xurkey,Area
GBVS (JP) 1st,1st,GBVS - JP - (PS4),,それいけ！サンドバッグ,,
GBVS (JP) 2nd,2nd,GBVS - JP - (PS4),,たまc,,
GBVS (JP) 3rd,3rd,GBVS - JP - (PS4),,日本サメ映画学会,,
GBVS (JP) 4th,4th,GBVS - JP - (PS4),,BL小鳥,,
GBVS (JP) 5th-1,5th-1,GBVS - JP - (PS4),,MASA,,
GBVS (JP) 5th-2,5th-2,GBVS - JP - (PS4),,〜みみ〜,,
GBVS (JP) 7th-1,7th-1,GBVS - JP - (PS4),,リタ介,,
GBVS (JP) 7th-2,7th-2,GBVS - JP - (PS4),,香港勢,,
GGACPR (OCE) 1st,1st,GGACPR - OCE - (PC-Steam),,buster,@nz_buster,Ky
GGACPR (OCE) 2nd,2nd,GGACPR - OCE - (PC-Steam),,hdr,,Justice
GGACPR (OCE) 3rd,3rd,GGACPR - OCE - (PC-Steam),,Moose,@shmoose_,Robo-Ky
GGACPR (OCE) 4th,4th,GGACPR - OCE - (PC-Steam),,muffins,@hannahmuffins_,Potemkin
GGACPR (OCE) 5th-1,5th-1,GGACPR - OCE - (PC-Steam),,MURMUR,@magicmaam,Testament
GGACPR (OCE) 5th-2,5th-2,GGACPR - OCE - (PC-Steam),,saf,@saf_gc,May
GGACPR (OCE) 7th-1,7th-1,GGACPR - OCE - (PC-Steam),,MisMatch,@MisMatchTTV,Sol Badguy
GGACPR (OCE) 7th-2,7th-2,GGACPR - OCE - (PC-Steam),,kqels,@kqels25,Johnny
GGST (SA/SUD) 1st,1st,GGST - SA/SUD - (PC-Steam),HDG,Atma,@AtmaCL_,Ram
GGST (SA/SUD) 2nd,2nd,GGST - SA/SUD - (PC-Steam),TEW,Mr Panda,@MrPannda,Axl
GGST (SA/SUD) 3rd,3rd,GGST - SA/SUD - (PC-Steam),WG,Belisha,@BeliBeacon,Faust
GGST (SA/SUD) 4th,4th,GGST - SA/SUD - (PC-Steam),,Dentran,@Dentran_,Goldlewis Dickinson
GGST (SA/SUD) 5th-1,5th-1,GGST - SA/SUD - (PC-Steam),Kyu,Cloud17,@Cloud_17st,Happy Chaos
GGST (SA/SUD) 5th-2,5th-2,GGST - SA/SUD - (PC-Steam),Kyu,Kabi,@KabiFGC,May
GGST (SA/SUD) 7th-1,7th-1,GGST - SA/SUD - (PC-Steam),WG,Snow,,Ky Kiske
GGST (SA/SUD) 7th-2,7th-2,GGST - SA/SUD - (PC-Steam),Tew,Kbzon,@kbcaca,Bridget 
GGXRD (EU) 1st,1st,GGXRD - EU - (PC-Steam),,Kidiot,@Kidiot__,Johnny
GGXRD (EU) 2nd,2nd,GGXRD - EU - (PC-Steam),,PsychedelicPet,@PsychedelicPet,Potemkin
GGXRD (EU) 3rd,3rd,GGXRD - EU - (PC-Steam),,Scopedog,,Zato=1
GGXRD (EU) 4th,4th,GGXRD - EU - (PC-Steam),,EIiitti,@EIiitti,Millia Rage
GGXRD (EU) 5th-1,5th-1,GGXRD - EU - (PC-Steam),,Leapfrog_Potcho,@Leapfrog_Potcho,Potemkin
GGXRD (EU) 5th-2,5th-2,GGXRD - EU - (PC-Steam),,Gekow,@Gekow_Lizard,Sol Badguy
GGXRD (EU) 7th-1,7th-1,GGXRD - EU - (PC-Steam),,SNOW,,Ky Kiske
GGXRD (EU) 7th-2,7th-2,GGXRD - EU - (PC-Steam),,Badoor,@BadoorSNK,Venom
GOF2 (ALL) 1st,1st,GOF2 - ALL - (PC),,4ndele,@4ndele,Ammy
GOF2 (ALL) 2nd,2nd,GOF2 - ALL - (PC),,Ryou,@distantWarrior,Negai
GOF2 (ALL) 3rd,3rd,GOF2 - ALL - (PC),,Vick,@TheSailorVick,Futaba
GOF2 (ALL) 4th,4th,GOF2 - ALL - (PC),,Landorf,,Minami
GOF2 (ALL) 5th-1,5th-1,GOF2 - ALL - (PC),,Kiroko,,Minami
GOF2 (ALL) 5th-2,5th-2,GOF2 - ALL - (PC),,Sauvagess,,Makoto
GOF2 (ALL) 7th-1,7th-1,GOF2 - ALL - (PC),,Hoarseplay,@hoarseplay,Ashita
GOF2 (ALL) 7th-2,7th-2,GOF2 - ALL - (PC),,BOOST,,Ruki
KLK (NA+SA) 1st,1st,KLK - NA+SA - (PC-Steam),,AthenaDiva,,Ragyo
KLK (NA+SA) 2nd,2nd,KLK - NA+SA - (PC-Steam),,BennyBoi,,Mako
KLK (NA+SA) 3rd,3rd,KLK - NA+SA - (PC-Steam),,RevivePhoenix,,Dual Wield Satsuki
KLK (NA+SA) 4th,4th,KLK - NA+SA - (PC-Steam),,ActionSak32,,Mako
KLK (NA+SA) 5th-1,5th-1,KLK - NA+SA - (PC-Steam),,Unit27,,Dual Wield Satsuki
KLK (NA+SA) 5th-2,5th-2,KLK - NA+SA - (PC-Steam),,Lota,,Dual Wield Ryuko
KLK (NA+SA) 7th-1,7th-1,KLK - NA+SA - (PC-Steam),,Domicron_,,Uzu
KLK (NA+SA) 7th-2,7th-2,KLK - NA+SA - (PC-Steam),,Valentino,,DTR
MBTL (LAN) 1st,1st,MBTL - LAN - (PC-Steam),,Pala,@SmashingPala,Noel
MBTL (LAN) 2nd,2nd,MBTL - LAN - (PC-Steam),,Zwart,,Ciel
MBTL (LAN) 3rd,3rd,MBTL - LAN - (PC-Steam),,Mega,,Saber
MBTL (LAN) 4th,4th,MBTL - LAN - (PC-Steam),MLN,Keitoless,,Saber
MBTL (LAN) 5th-1,5th-1,MBTL - LAN - (PC-Steam),DEGEN,zerohour,,Akiha
MBTL (LAN) 5th-2,5th-2,MBTL - LAN - (PC-Steam),,Alchemist of Atlas,,Akiha
MBTL (LAN) 7th-1,7th-1,MBTL - LAN - (PC-Steam),,Migi,@MigiTheHero,Tohno
MBTL (LAN) 7th-2,7th-2,MBTL - LAN - (PC-Steam),,badluck,@tzitzimimeh,Mash
MBTL (NA) 1st,1st,MBTL - NA - (PC-Steam),,Hyde,@hydechiko,Roa
MBTL (NA) 2nd,2nd,MBTL - NA - (PC-Steam),,Piko,@jskflgkl,Vlov
MBTL (NA) 3rd,3rd,MBTL - NA - (PC-Steam),,Defiant,@Defiant_def,Vlov
MBTL (NA) 4th,4th,MBTL - NA - (PC-Steam),BLITZ | BZE,Lucy,@Lucybruv,Kouma
MBTL (NA) 5th-1,5th-1,MBTL - NA - (PC-Steam),,Yousoro7,@Yousoro71,Arcuied
MBTL (NA) 5th-2,5th-2,MBTL - NA - (PC-Steam),,cowey,@CoweyOnTwittah,MIyako
MBTL (NA) 7th-1,7th-1,MBTL - NA - (PC-Steam),TCM,DrackMae,@DrackMae,Kohaku
MBTL (NA) 7th-2,7th-2,MBTL - NA - (PC-Steam),SIU,RathSilk,@rathsilk,Ushiwakamaru
MBTL (OCE) 1st,1st,MBTL - OCE - (PC-Steam),,how,@howlaire,mario
MBTL (OCE) 2nd,2nd,MBTL - OCE - (PC-Steam),,Arctee,,Edmon Dantes Count Monte Cristo
MBTL (OCE) 3rd,3rd,MBTL - OCE - (PC-Steam),,BlueVapour,@BlueVapour8,Akiha
MBTL (OCE) 4th,4th,MBTL - OCE - (PC-Steam),,imoKirby,@elijahjgadlin  ,Powered Ciel
MBTL (OCE) 5th-1,5th-1,MBTL - OCE - (PC-Steam),,eveAZN,@eveAZN,Saber
MBTL (OCE) 5th-2,5th-2,MBTL - OCE - (PC-Steam),,K.Silver,,Akiha
MBTL (OCE) 7th-1,7th-1,MBTL - OCE - (PC-Steam),,Kamaboko,,Saber
MBTL (OCE) 7th-2,7th-2,MBTL - OCE - (PC-Steam),,Yusei,@Yusei146,Akiha
MOTW (EU) 1st,1st,MOTW - EU - (PC-Fightcade),,Kota,@kotahugo,B. Jenet
MOTW (EU) 2nd,2nd,MOTW - EU - (PC-Fightcade),,Sko,,Kevin
MOTW (EU) 3rd,3rd,MOTW - EU - (PC-Fightcade),,Don_Bozzi,@Don_Bozzi83,Dong
MOTW (EU) 4th,4th,MOTW - EU - (PC-Fightcade),,Rafa Leon,@rafa_leonmone,b. Jenet
MOTW (EU) 5th-1,5th-1,MOTW - EU - (PC-Fightcade),,Beautiful Puke|.waifu,@TBP_waifu,B. Jenet
MOTW (EU) 5th-2,5th-2,MOTW - EU - (PC-Fightcade),,AlexSouls,@Alex2Souls,Kain
MOTW (EU) 7th-1,7th-1,MOTW - EU - (PC-Fightcade),,Stigge,,Dong
MOTW (EU) 7th-2,7th-2,MOTW - EU - (PC-Fightcade),,Penze Proli,@Water0101883118,Kain
MOTW (NA) 1st,1st,MOTW - NA - (PC-Fightcade),,WhiteFebruary,,roulette
MOTW (NA) 2nd,2nd,MOTW - NA - (PC-Fightcade),,kaine_ai,@kaine_ai,hotaru
MOTW (NA) 3rd,3rd,MOTW - NA - (PC-Fightcade),,Hokuto,@FlyingBarcelona,Grant
MOTW (NA) 4th,4th,MOTW - NA - (PC-Fightcade),,Faze stigge,,Dong Hwan
MOTW (NA) 5th-1,5th-1,MOTW - NA - (PC-Fightcade),,pineapple_consultant,,hokutomaru
MOTW (NA) 5th-2,5th-2,MOTW - NA - (PC-Fightcade),,scrubs,,kevin
MOTW (NA) 7th-1,7th-1,MOTW - NA - (PC-Fightcade),,dave o,,gato
MOTW (NA) 7th-2,7th-2,MOTW - NA - (PC-Fightcade),BL,dagger_g,@dagger_g,marco
P4U2 (NA+JP) 1st,1st,P4U2 - NA+JP - (PS4),,みがき/Migaki,@_nera_nera,Yukari
P4U2 (NA+JP) 2nd,2nd,P4U2 - NA+JP - (PS4),,KyokugenFight,@kyokugenfight,Labrys
P4U2 (NA+JP) 3rd,3rd,P4U2 - NA+JP - (PS4),,Hero,,Aigis
P4U2 (NA+JP) 4th,4th,P4U2 - NA+JP - (PS4),PENTEN,Gold,@GoldilocksP4,Shadow Ken
P4U2 (NA+JP) 5th-1,5th-1,P4U2 - NA+JP - (PS4),,RENI,@RENI_REI,Shadow Ken
P4U2 (NA+JP) 5th-2,5th-2,P4U2 - NA+JP - (PS4),PENTEN,Mightyjoey,@mightyjoey2,Teddie
P4U2 (NA+JP) 7th-1,7th-1,P4U2 - NA+JP - (PS4),,Naked Black Man,@NBMsupreme,Elizabeth/Marie
P4U2 (NA+JP) 7th-2,7th-2,P4U2 - NA+JP - (PS4),,Maxx.Sev,,Shadow Junpei
PBO (ALL) 1st,1st,PBO - ALL - (PC-Steam),,KOMI,@KOMICOM,Ria
PBO (ALL) 2nd,2nd,PBO - ALL - (PC-Steam),,Volfeed,@Volfeednow,Ende
PBO (ALL) 3rd,3rd,PBO - ALL - (PC-Steam),,Syanderike,@Syanderike,M
PBO (ALL) 4th,4th,PBO - ALL - (PC-Steam),,Keo-Bastein,@Keogamer,Artifactor
PBO (ALL) 5th-1,5th-1,PBO - ALL - (PC-Steam),,Siomesi,,Tokiya
PBO (ALL) 5th-2,5th-2,PBO - ALL - (PC-Steam),,Mr. K.O,@ItsMrKO,Shin-Waka
PBO (ALL) 7th-1,7th-1,PBO - ALL - (PC-Steam),,Vick,@TheSailorVick,
PBO (ALL) 7th-2,7th-2,PBO - ALL - (PC-Steam),,Ronhem,,Mei
SDB (ALL) 1st,1st,SDB - ALL - (PC-Fightcade),Vega,Tejuino,,Kunio
SDB (ALL) 2nd,2nd,SDB - ALL - (PC-Fightcade),mig,Rockymitsu291,@MiguelE38179538,Kunio
SDB (ALL) 3rd,3rd,SDB - ALL - (PC-Fightcade),,Regular Sized Majin,@Hi_Im_Majin,Riki
SDB (ALL) 4th,4th,SDB - ALL - (PC-Fightcade),S-men,ChairGTables,@chairgtables,Kunio
SDB (ALL) 5th-1,5th-1,SDB - ALL - (PC-Fightcade),Awoo,darkwolf7786,@darkwolf7786,Misuzu
SDB (ALL) 5th-2,5th-2,SDB - ALL - (PC-Fightcade),,ThotbusterNo1,@ThotBusterNo1,Riki
SDB (ALL) 7th-1,7th-1,SDB - ALL - (PC-Fightcade),,kaiten619,@kaiten619,Miyuki
SG (JP) 1st,1st,SG - JP - (PC-Steam),,oism,,Robo Fortune/Painwheel/Big Band
SG (JP) 2nd,2nd,SG - JP - (PC-Steam),,Twister88_Naminori,,Eliza/Painwheel
SG (JP) 3rd,3rd,SG - JP - (PC-Steam),,koto-ichigo,,Peacock/Robo Fortune/Annie
SG (JP) 4th,4th,SG - JP - (PC-Steam),,U_Tini,,Valentine
SG (JP) 5th-1,5th-1,SG - JP - (PC-Steam),,jmcho2077,,Umbrella
SG (JP) 5th-2,5th-2,SG - JP - (PC-Steam),,滋賀県,,Robo Fortune
SG (JP) 7th-1,7th-1,SG - JP - (PC-Steam),,NOOB 1,,Umbrella
SG (JP) 7th-2,7th-2,SG - JP - (PC-Steam),,こだま,,Parasoul/Filia/Big Band
SG (NA) 1st,1st,SG - NA - (PC-Steam),,Geese_L,@Geese_L,"Bella, Annie, Band"
SG (NA) 2nd,2nd,SG - NA - (PC-Steam),,Nope.avi,@bl1pdotavi,"Peacock, Double, Umbrella"
SG (NA) 3rd,3rd,SG - NA - (PC-Steam),,PME,@PME_SG,"Fortune, Robo, Painwheel"
SG (NA) 4th,4th,SG - NA - (PC-Steam),,Gelato,@gelatogrotto,"Parasoul, Bella, Double"
SG (NA) 5th-1,5th-1,SG - NA - (PC-Steam),,Daryo,@daryofg,"Fukua, Filia, Annie"
SG (NA) 5th-2,5th-2,SG - NA - (PC-Steam),,SGHen,,"Fortune, Squigly"
SG (NA) 7th-1,7th-1,SG - NA - (PC-Steam),,JasonFGC,@Jason_FGC,"Filia, Annie, Big Band"
SG (NA) 7th-2,7th-2,SG - NA - (PC-Steam),,Sunset Radiance,@SunsetVtuber,"Fortune, Robo, Annie"
SG (SA/BR) 1st,1st,SG - SA/BR - (PC-Steam),,Lugon,@Caio_Lugon,Ms. Fortune/Annie/Cerebella
SG (SA/BR) 2nd,2nd,SG - SA/BR - (PC-Steam),LDG,Aristal,@Aristal159,Eliza/Annie/Parasoul
SG (SA/BR) 3rd,3rd,SG - SA/BR - (PC-Steam),MI,Tiago,@ReturnTiago,Eliza/Robo Fortune/Beowulf
SG (SA/BR) 4th,4th,SG - SA/BR - (PC-Steam),Vineko,Vineko,@Nomeaindanusado,Parasoul/Umbrella/Annie
SG (SA/BR) 5th-1,5th-1,SG - SA/BR - (PC-Steam),LDG,Ikkisoad,@Ikkisoad,Fukua/Painwheel/Cerebella
SG (SA/BR) 5th-2,5th-2,SG - SA/BR - (PC-Steam),LDG,Kaepoguru,@kaepoguru,Ms. Fortune/Annie/Robo Fortune
SG (SA/BR) 7th-1,7th-1,SG - SA/BR - (PC-Steam),SGBR,Jorjão,@Jorgituzin,Peacock/Beowulf/Big Band
SG (SA/BR) 7th-2,7th-2,SG - SA/BR - (PC-Steam),LDG,Magic,@Magic_JLS,Double/Annie/Filia
SOKU (NA+SA+EU) 1st,1st,SOKU - NA+SA+EU - (PC-Caster),,ZeroFuse,,patchouli
SOKU (NA+SA+EU) 2nd,2nd,SOKU - NA+SA+EU - (PC-Caster),,Wayward,,Youmu
SOKU (NA+SA+EU) 3rd,3rd,SOKU - NA+SA+EU - (PC-Caster),,Vibago,,Komachi
SOKU (NA+SA+EU) 4th,4th,SOKU - NA+SA+EU - (PC-Caster),,Machii,,Okuu
SOKU (NA+SA+EU) 5th-1,5th-1,SOKU - NA+SA+EU - (PC-Caster),,Ichirin,,Sakuya
SOKU (NA+SA+EU) 5th-2,5th-2,SOKU - NA+SA+EU - (PC-Caster),,AdeleyWolfy,,Yuyuko
SOKU (NA+SA+EU) 7th-1,7th-1,SOKU - NA+SA+EU - (PC-Caster),,Aggelandro,,Okuu
SOKU (NA+SA+EU) 7th-2,7th-2,SOKU - NA+SA+EU - (PC-Caster),,irock194,,Yukari
SSVSP (NA+SA) 1st,1st,SSVSP - NA+SA - (PC-Fightcade),,_png,,Genjuro
SSVSP (NA+SA) 2nd,2nd,SSVSP - NA+SA - (PC-Fightcade),,JoacoAshura,@JoacoElAshura,Kazuki
SSVSP (NA+SA) 3rd,3rd,SSVSP - NA+SA - (PC-Fightcade),,Tao,@SpiritTaoism,Rera
SSVSP (NA+SA) 4th,4th,SSVSP - NA+SA - (PC-Fightcade),,Sugoi,@Sugoi10192146,Haohmaru
SSVSP (NA+SA) 5th-1,5th-1,SSVSP - NA+SA - (PC-Fightcade),,GanFleim!,,Kusaregedo
SSVSP (NA+SA) 5th-2,5th-2,SSVSP - NA+SA - (PC-Fightcade),,ChapaD,@Chapa_d,Shizumaru
SSVSP (NA+SA) 7th-1,7th-1,SSVSP - NA+SA - (PC-Fightcade),,SlamTown,@MurderChain,Gaoh
SSVSP (NA+SA) 7th-2,7th-2,SSVSP - NA+SA - (PC-Fightcade),,Gaston Darkus,,Mina
TVC (NA) 1st,1st,TVC - NA - (PC-Dolphin),,Supra,,Karas/Saki
TVC (NA) 2nd,2nd,TVC - NA - (PC-Dolphin),,Metaternal,,Viewtiful Joe/Tekkaman
TVC (NA) 3rd,3rd,TVC - NA - (PC-Dolphin),,Bookoo,,Tekkaman Blade/Ryu
TVC (NA) 4th,4th,TVC - NA - (PC-Dolphin),,CaptunNick,,Tekkaman Blade/Ryu
TVC (NA) 5th-1,5th-1,TVC - NA - (PC-Dolphin),,Jaaames,,Frank West/Roll
TVC (NA) 5th-2,5th-2,TVC - NA - (PC-Dolphin),,High Plains Grifter,,Yatterman-1/Ken the Eagle
TVC (NA) 7th-1,7th-1,TVC - NA - (PC-Dolphin),,Poco,,Doronjo/Megaman Volnutt
TVC (NA) 7th-2,7th-2,TVC - NA - (PC-Dolphin),,E.Bluemage,,Zero/Saki
UFDK (ALL) 1st,1st,UFDK - ALL - (PC-Steam),,Yellowswerve,@YellowSwerve,Taro
UFDK (ALL) 2nd,2nd,UFDK - ALL - (PC-Steam),,Aru 7.62mmR,@Aru762mmR,Hisomi
UFDK (ALL) 3rd,3rd,UFDK - ALL - (PC-Steam),,Durdge-O,@DurdgeO,ZackyWild
UFDK (ALL) 4th,4th,UFDK - ALL - (PC-Steam),,Tjbrown329,@Tjispriv329,Anna
UFDK (ALL) 5th-1,5th-1,UFDK - ALL - (PC-Steam),,Lem,@Lem___________,Kitana Kyanta
UFDK (ALL) 5th-2,5th-2,UFDK - ALL - (PC-Steam),,SpaceySoundy,@SpaceySoundy,Azuma
UFDK (ALL) 7th-1,7th-1,UFDK - ALL - (PC-Steam),, cowthecat,@cowthecat3101,Mask Michelle
UFDK (ALL) 7th-2,7th-2,UFDK - ALL - (PC-Steam),, WeebTresh,@warrior_wifi,Masao
VF5US (JP) 1st,1st,VF5US - JP - (PS4),,TURBO,,
VF5US (JP) 2nd,2nd,VF5US - JP - (PS4),,メツリュウJACKY,,
VF5US (JP) 3rd,3rd,VF5US - JP - (PS4),,べじふら,,
VF5US (JP) 4th,4th,VF5US - JP - (PS4),,ゼータ,,
VF5US (JP) 5th-1,5th-1,VF5US - JP - (PS4),,ちょっぱぁ〜,,
VF5US (JP) 5th-2,5th-2,VF5US - JP - (PS4),,まさぞう,,
VF5US (JP) 7th-1,7th-1,VF5US - JP - (PS4),,まつも,,
VF5US (JP) 7th-2,7th-2,VF5US - JP - (PS4),,ベジット,,
VSAV (SA/BR) 1st,1st,VSAV - SA/BR - (PC-Fightcade),NP,Xabaladabu,@xabaladabu,Sasquatch
VSAV (SA/BR) 2nd,2nd,VSAV - SA/BR - (PC-Fightcade),NP,The Seeker,@ISW_TheSeeker,Lilith
VSAV (SA/BR) 3rd,3rd,VSAV - SA/BR - (PC-Fightcade),SUD,Khanae,,Lei-Lei
VSAV (SA/BR) 4th,4th,VSAV - SA/BR - (PC-Fightcade),SUD,Alejo,@Alejo5599,Lei-Lei
VSAV (SA/BR) 5th-1,5th-1,VSAV - SA/BR - (PC-Fightcade),SUD,ShinRockman,@Shin_Rockman,Bulleta
VSAV (SA/BR) 5th-2,5th-2,VSAV - SA/BR - (PC-Fightcade),NP,Legoshi,@WulfusWolf,Gallon
VSAV (SA/BR) 7th-1,7th-1,VSAV - SA/BR - (PC-Fightcade),NP,Hideo,@Hideow360,Anakaris
VSAV (SA/BR) 7th-2,7th-2,VSAV - SA/BR - (PC-Fightcade),NP,Ardan do Infinito,@ArdanDoInfinito,Victor